date,station name,05 ~ 06,06 ~ 07,07 ~ 08,08 ~ 09,09 ~ 10,10 ~ 11,11 ~ 12,12 ~ 13,13 ~ 14,14 ~ 15,15 ~ 16,16 ~ 17,17 ~ 18,18 ~ 19,19 ~ 20,20 ~ 21,21 ~ 22,22 ~ 23,23 ~ 24,00 ~ 01
2018.1.1,Seoul Station,373,318,365,785,1047,1576,2510,3233,3145,2443,2980,3476,3891,3227,2945,2382,3070,1750,781,96
2018.1.2,Seoul Station,390,546,1936,2840,1767,1960,2935,3079,3175,2527,3239,3872,4943,9210,5214,3124,3321,1901,932,130
2018.1.3,Seoul Station,373,435,1443,2595,1712,2055,2402,2839,2839,2431,3133,3313,5109,9311,4799,2998,3117,1852,938,146
2018.1.4,Seoul Station,453,470,1379,2625,1716,1857,2645,2846,2980,2568,3267,3472,4737,9037,4847,3196,3422,2130,1110,170
2018.1.5,Seoul Station,419,506,1407,2504,1839,1930,2564,2946,3171,2636,3931,4381,5951,10146,5874,3527,3825,2740,1323,241
2018.1.6,Seoul Station,441,366,513,1279,1511,2007,3268,3985,3818,3058,3646,4233,3845,3146,2681,2150,2599,1899,773,42
2018.1.7,Seoul Station,288,300,354,800,1099,1477,2095,2501,2501,2118,2889,3094,3178,2640,2395,2211,2519,1731,575,16
2018.1.8,Seoul Station,430,500,1832,2916,1808,1887,2574,2853,3001,2367,3160,3341,4539,9325,5019,3345,3113,1844,841,121
2018.1.9,Seoul Station,433,467,1314,2722,1712,1779,2446,2796,2769,2567,3076,3541,4852,9522,4988,3283,3225,1921,1016,224
2018.1.10,Seoul Station,397,475,1223,2729,1823,1735,2577,2860,3063,2463,3019,3558,5130,9500,5144,3153,3324,1891,962,172
2018.1.11,Seoul Station,369,447,1363,2687,1755,1780,2497,2784,2799,2496,2981,3262,4937,9412,5078,3296,3381,1928,1160,191
2018.1.12,Seoul Station,318,433,1320,2541,1764,1697,2339,2982,3313,2578,3666,4140,6004,10294,5655,3367,3750,2977,1318,275
2018.1.13,Seoul Station,394,406,558,1524,1810,2350,3489,4377,4030,3492,4581,4931,4733,3551,2847,2485,2690,2149,837,27
2018.1.14,Seoul Station,270,283,371,893,1215,1827,2486,2707,2907,2317,2906,3120,3405,2876,2696,2239,2520,1819,494,38
2018.1.15,Seoul Station,423,522,1954,2906,1676,2070,2700,3050,2884,2693,2923,3429,4466,9911,5292,3330,3162,1929,900,145
2018.1.16,Seoul Station,399,465,1545,2661,1844,1896,2541,2869,2898,2542,3126,3376,4910,9165,4916,3206,3470,2039,944,146
2018.1.17,Seoul Station,381,463,1532,2756,1709,1927,2624,2927,3047,2570,3090,3675,5135,9957,4941,3277,3302,2083,947,143
2018.1.18,Seoul Station,431,460,1535,2694,1670,1969,2779,3025,3126,2545,3135,3626,4839,9636,5097,3522,3483,2257,1130,181
2018.1.19,Seoul Station,399,495,1277,2729,1918,1951,2764,3232,3380,2826,3783,4767,6015,10341,5696,3726,4037,2986,1388,283
2018.1.20,Seoul Station,433,408,644,1464,1920,2345,3609,4203,3865,3591,4514,4903,4500,3439,2712,2742,2643,2139,863,42
2018.1.21,Seoul Station,280,288,353,827,1209,1699,2307,2641,2725,2398,3186,3324,3545,2897,2708,2130,2855,1906,652,28
2018.1.22,Seoul Station,411,570,1931,2822,1696,2050,2853,3066,3234,2667,3232,3289,4848,9512,4968,3152,3137,1938,940,134
2018.1.23,Seoul Station,357,473,1555,2580,1627,1810,2589,2581,2785,2237,2733,3205,4665,9568,5117,3239,3364,1871,923,138
2018.1.24,Seoul Station,329,446,1440,2510,1585,1532,2333,2528,2614,2249,2761,3135,4687,9475,4695,3107,3115,1884,908,170
2018.1.25,Seoul Station,338,448,1412,2635,1668,1718,2207,2975,2832,2322,2769,3371,4554,9313,4941,3262,3358,2095,1034,198
2018.1.26,Seoul Station,293,425,1358,2406,1756,1739,2457,2781,3117,2396,3530,4000,5779,10077,5534,3568,3648,2905,1165,256
2018.1.27,Seoul Station,349,354,466,1416,1495,1892,3186,3386,3524,3091,3492,3892,3955,3206,2791,2179,2533,2052,751,18
2018.1.28,Seoul Station,222,282,364,739,1133,1676,2152,2498,2487,2257,3100,3036,3126,2773,2586,2085,2315,1715,413,18
2018.1.29,Seoul Station,344,489,1795,2817,1713,1784,2494,2803,2776,2357,3047,3078,4271,9275,5132,3358,3274,1946,862,121
2018.1.30,Seoul Station,350,448,1462,2543,1678,1736,2429,2811,2852,2428,3053,3334,4865,9813,5404,3573,3445,2345,1161,176
2018.1.31,Seoul Station,357,470,1472,2595,1682,1878,2393,2699,2893,2365,3000,3351,4494,9101,5254,3362,3484,2241,1056,133
2018.2.1,Seoul Station,368,507,1494,2577,1706,1881,2621,3014,2995,2604,3098,3419,4694,9152,4857,3346,3410,2255,994,159
2018.2.2,Seoul Station,371,488,1395,2503,1806,2032,2610,2942,3218,2850,3566,4044,5846,10254,5466,3781,3569,2977,1325,254
2018.2.3,Seoul Station,363,401,456,1433,1688,2280,3468,3714,3718,3326,4358,4757,4381,3079,2536,2347,2266,2077,655,32
2018.2.4,Seoul Station,267,273,369,800,1048,1539,1937,2516,2376,2170,2777,2727,3317,2663,2299,2370,2465,1703,511,12
2018.2.5,Seoul Station,389,495,1851,2855,1682,1914,2518,2680,2761,2469,2777,2899,4341,9271,4872,3287,3099,1915,886,112
2018.2.6,Seoul Station,376,470,1440,2628,1673,1902,2327,2716,2764,2386,2726,3050,4643,9113,4841,3200,3270,2001,914,122
2018.2.7,Seoul Station,351,478,1421,2679,1754,1834,2410,2801,2903,2488,3151,3042,5540,9515,4668,3287,3259,2174,982,154
2018.2.8,Seoul Station,389,523,1466,2625,1845,2106,2700,3134,3027,2564,3324,3507,4888,9168,5011,3481,3574,2454,1059,214
2018.2.9,Seoul Station,390,501,1422,2648,2009,2108,2793,3093,3294,2785,3770,4088,6008,10136,5612,3672,3776,2919,1288,316
2018.2.10,Seoul Station,393,397,541,1323,1729,2194,3567,3801,3641,3350,3715,3978,4033,2968,2526,2465,2250,1943,842,37
2018.2.11,Seoul Station,288,292,389,801,1171,1515,2143,2305,2491,2175,2767,3247,2987,2439,2270,1928,2046,1512,462,31
2018.2.12,Seoul Station,376,533,1694,2768,2073,2134,2742,3057,3056,2744,3187,3374,4777,9505,5304,3617,3504,2035,1211,195
2018.2.13,Seoul Station,365,462,1336,2620,1672,1916,2511,3049,2947,2831,3497,3492,4989,9487,5084,3428,3619,2296,1142,216
2018.2.14,Seoul Station,382,450,1277,2278,1435,1665,2272,3009,3555,3837,5351,6117,6222,7218,4114,2975,3189,2238,1055,203
2018.2.15,Seoul Station,272,345,394,750,1232,1836,2602,3001,2859,2401,3145,3209,2886,2464,1863,1689,1527,1183,537,28
2018.2.16,Seoul Station,221,334,719,1000,887,1247,2029,2823,2535,2297,3031,3490,3315,2790,2273,2211,2420,2110,636,841
2018.2.17,Seoul Station,197,247,405,1229,1613,1901,2978,3073,3018,2573,3650,3791,3628,3067,2657,2619,3139,2648,1097,868
2018.2.18,Seoul Station,262,239,500,1344,1635,1853,2938,3135,3027,2427,3598,3526,3708,2975,2726,2718,3024,2514,859,72
2018.2.19,Seoul Station,362,485,1901,3241,1883,2258,3469,3843,3350,2884,3750,4117,5453,9663,5606,3568,3771,2075,1192,243
2018.2.20,Seoul Station,436,479,1525,3016,1927,2259,3318,3681,3330,2985,3627,3854,5360,9744,5255,3753,3626,2365,1147,290
2018.2.21,Seoul Station,425,516,1554,2881,2024,2197,3129,3614,3446,2736,3686,4002,5767,10047,5185,3832,3640,2391,1238,244
2018.2.22,Seoul Station,434,503,1527,2984,2112,2372,3387,4060,3430,3022,3884,3974,5470,9623,5203,3775,4100,2558,1287,307
2018.2.23,Seoul Station,461,528,1505,2927,2174,2463,3325,3767,3739,3170,4462,5004,6858,10500,5830,3910,4080,3487,1755,371
2018.2.24,Seoul Station,435,404,567,1873,2427,2713,3872,4468,4264,3993,5136,5424,4933,3634,3258,2687,2694,2309,851,58
2018.2.25,Seoul Station,304,275,392,985,1260,1836,2822,2779,2757,2392,3208,3483,3724,3033,2689,2334,2639,2004,426,47
2018.2.26,Seoul Station,427,563,1936,3036,1993,2305,3314,3530,3377,3125,3736,3966,5218,9612,5553,3806,3684,2379,1064,185
2018.2.27,Seoul Station,417,480,1409,2754,1898,2176,3327,3488,3517,2833,3876,3636,5320,9150,5212,3895,3682,2648,1217,213
2018.2.28,Seoul Station,396,503,1401,2818,1819,2110,2889,3429,3326,2916,3868,4090,5688,9587,5584,4031,4022,3039,1450,389
2018.3.1,Seoul Station,383,330,445,916,1157,1808,2935,3591,3643,4510,4173,3963,3522,3167,2609,2131,2338,1545,591,22
2018.3.2,Seoul Station,408,538,1437,2446,1780,2007,2215,2697,2839,2707,3519,3797,4934,8665,5305,3340,3629,2479,1212,214
2018.3.3,Seoul Station,445,384,562,1333,1595,2043,3231,3575,3483,3465,4365,4502,4320,3549,2946,2488,2785,2041,798,41
2018.3.4,Seoul Station,285,325,384,699,1068,1576,2015,2382,2513,2246,3008,3267,3563,2776,2542,2281,2791,1937,546,58
2018.3.5,Seoul Station,399,522,1918,3023,2225,1960,2414,2720,2683,2343,2956,3411,4615,8955,4983,3192,2804,1976,914,124
2018.3.6,Seoul Station,434,565,1652,2833,1756,2034,2453,2728,2863,2491,3085,3336,4974,9303,5040,3379,3171,2097,1012,180
2018.3.7,Seoul Station,420,503,1685,2883,1729,2051,2237,2739,2678,2507,3062,3510,5329,9537,4742,3229,3264,2161,1036,218
2018.3.8,Seoul Station,356,470,1516,2758,2069,1840,2388,2951,2801,2402,3318,3437,4980,9235,5025,3295,3575,2298,1148,197
2018.3.9,Seoul Station,426,493,1661,2711,1938,2105,2627,2928,3129,2944,3892,4540,6486,10505,5910,3829,4078,3225,1715,309
2018.3.10,Seoul Station,445,424,669,1497,1920,2363,3687,4062,3947,3753,4992,5409,4937,3860,3109,2789,2868,2213,842,66
2018.3.11,Seoul Station,284,296,379,866,1263,1772,2425,2675,2763,2314,3146,3432,3779,2971,2919,2332,2866,1899,463,49
2018.3.12,Seoul Station,451,581,2067,3098,1854,2070,2682,2847,2862,2422,3168,3325,4794,9472,5128,3403,3272,2094,966,140
2018.3.13,Seoul Station,422,503,1749,2794,1876,2078,2451,2766,2946,2546,3154,3489,5284,9504,5032,3297,3346,2171,995,186
2018.3.14,Seoul Station,445,513,1673,2959,1839,2049,2580,2725,2809,2494,3072,3378,5340,10322,4834,3217,3209,2296,1046,162
2018.3.15,Seoul Station,366,483,1659,2998,1842,1950,2536,2922,2935,2390,3257,3728,5261,9381,4907,3369,3435,2345,1225,190
2018.3.16,Seoul Station,454,544,1578,2929,1966,2242,2716,3174,3380,3007,3785,4647,6471,10490,6054,3995,3990,3393,1425,294
2018.3.17,Seoul Station,422,385,607,1697,2138,2656,3844,4191,4199,3828,4346,4614,4711,3720,3040,3056,2869,2387,899,36
2018.3.18,Seoul Station,330,379,510,1093,1399,1770,2520,2870,2723,2357,3228,3547,3958,3113,2919,2433,3045,2304,609,85
2018.3.19,Seoul Station,417,507,2032,3220,1805,2141,2488,2917,2702,2410,3189,3482,4730,9443,4860,3392,3014,2021,917,155
2018.3.20,Seoul Station,447,538,1643,2997,1815,2026,2360,2751,2843,2598,2934,3467,5107,9484,5008,3296,3175,2036,968,146
2018.3.21,Seoul Station,390,556,1554,2923,1824,2088,2394,2741,2895,2453,3054,3468,5330,9876,4584,3268,3147,2043,1000,162
2018.3.22,Seoul Station,430,532,1624,2928,1849,2099,2687,2878,2982,2552,3444,3654,5351,9374,5033,3568,3647,2484,1165,176
2018.3.23,Seoul Station,424,524,1561,2785,1913,2084,2746,3120,3372,2884,4082,4738,6610,10352,5888,3810,4061,3439,1446,347
2018.3.24,Seoul Station,454,418,812,1734,2302,2558,4015,4344,4333,3836,5083,5231,5024,4009,3158,2646,2969,2382,836,35
2018.3.25,Seoul Station,331,281,450,901,1284,1954,2619,2945,2931,2378,3148,3379,3829,3034,3078,2361,2950,2037,489,56
2018.3.26,Seoul Station,484,615,2061,3190,1911,2115,2684,2942,2906,2378,3186,3427,4643,9560,5164,3570,3372,2197,1023,141
2018.3.27,Seoul Station,443,560,1621,3064,1902,2121,2568,2925,2838,2498,3082,3451,5161,9435,5056,3465,3344,2296,1074,177
2018.3.28,Seoul Station,434,470,1701,3132,1927,2125,2746,2945,3010,2526,3265,3454,5339,9630,5122,3379,3334,2241,1123,211
2018.3.29,Seoul Station,481,528,1627,3091,1904,2110,2751,3011,2884,2580,3305,3537,5083,9292,5124,3582,3818,2450,1264,179
2018.3.30,Seoul Station,457,535,1576,2932,1950,2262,2579,3094,3296,2867,4006,4464,6139,10086,6151,3978,4028,3469,1671,302
2018.3.31,Seoul Station,499,446,616,1541,2172,2432,3543,4008,4313,3699,4076,4179,4461,3599,3234,2786,3146,2452,908,51
2018.4.1,Seoul Station,321,324,499,944,1153,1734,2468,2829,2903,2384,3205,3396,3615,3306,2967,2520,3029,2311,663,113
2018.4.2,Seoul Station,440,525,1822,3412,1847,2045,2481,2939,2775,2414,3140,3335,4816,9324,5216,3504,3441,2284,1043,203
2018.4.3,Seoul Station,444,514,1670,2950,1863,2067,2504,2840,2808,2439,3213,3472,5329,9501,5088,3440,3585,2120,1138,248
2018.4.4,Seoul Station,396,530,1583,3040,1756,2020,2335,2749,2777,2434,3288,3504,5560,9854,5084,3554,3481,2393,1270,204
2018.4.5,Seoul Station,431,545,1624,2926,1806,2043,2420,2913,2987,2490,3364,3625,5418,10043,5162,3503,3957,2512,1213,257
2018.4.6,Seoul Station,440,533,1501,2982,1978,2086,2594,3269,3229,2952,4178,4544,6693,10158,6241,4102,4109,3470,1520,401
2018.4.7,Seoul Station,466,492,689,1668,2377,2436,4021,4363,4028,3408,4690,4838,4738,3793,3255,2966,3278,2589,891,40
2018.4.8,Seoul Station,330,296,442,995,1355,1747,2616,2857,2830,2556,3646,3875,4216,3520,3109,2592,3091,2104,497,66
2018.4.9,Seoul Station,457,607,2040,3291,1894,2097,2653,2768,2778,2398,3164,3282,5174,9448,5170,3385,3333,2244,1009,140
2018.4.10,Seoul Station,455,582,1709,2933,1854,2050,2555,2686,2945,2428,3279,3238,5323,9710,4979,3486,3551,2368,1074,167
2018.4.11,Seoul Station,438,582,1642,2918,1870,1984,2394,2609,2767,2340,3181,3576,5343,9934,4890,3277,3362,2281,1117,143
2018.4.12,Seoul Station,474,571,1679,2915,1898,2118,2519,2961,2962,2530,3504,3594,5285,9679,5082,3424,3672,2327,1156,197
2018.4.13,Seoul Station,445,601,1650,2832,2007,1996,2721,2986,3306,2994,4147,4826,6334,10298,5503,3683,3909,3504,1579,336
2018.4.14,Seoul Station,371,446,674,1874,2149,2245,3922,4089,3936,3516,4043,4318,4345,3514,3097,2888,2802,2335,860,51
2018.4.15,Seoul Station,326,322,495,980,1305,1909,2608,2988,2963,2530,3272,3773,3719,3369,3150,2581,3154,2313,713,99
2018.4.16,Seoul Station,451,601,2077,3226,1928,2076,2586,2893,2806,2477,3109,3215,5002,9470,5122,3415,3225,2148,939,146
2018.4.17,Seoul Station,449,575,1655,3054,1818,2066,2508,2801,2872,2421,3270,3473,5205,9649,5064,3409,3377,2103,1022,143
2018.4.18,Seoul Station,456,603,1613,3045,1870,2043,2447,2709,2844,2478,3199,3488,5747,9982,4703,3350,3369,2175,969,178
2018.4.19,Seoul Station,461,594,1713,3043,1894,2071,2451,2818,2997,2394,3010,3665,5351,9729,5041,3476,3631,2389,1161,157
2018.4.20,Seoul Station,422,565,1611,2789,1930,2132,2652,3122,3420,2746,3997,4432,6254,10322,5509,3542,3891,3146,1491,239
2018.4.21,Seoul Station,497,482,729,1710,2165,2388,3976,4247,4123,3569,4713,5161,4558,3645,3037,2764,3181,2429,901,40
2018.4.22,Seoul Station,319,337,515,952,1264,1748,2283,2573,2833,2242,2959,3350,3531,2805,2888,2378,2869,2048,452,89
2018.4.23,Seoul Station,404,551,1975,3102,1854,1786,2434,2948,2782,2385,3150,2968,4962,9498,4914,3028,3222,1780,903,137
2018.4.24,Seoul Station,427,527,1686,2831,1862,2034,2555,2772,2925,2279,3123,3483,4967,9353,4906,3144,3323,2084,989,161
2018.4.25,Seoul Station,480,599,1667,2857,1871,2072,2496,2781,2979,2463,3231,3502,5327,9838,4922,3255,3318,2374,1079,136
2018.4.26,Seoul Station,466,565,1627,2959,1866,1939,2649,2994,3098,2554,3522,3521,5300,9479,5208,3508,3680,2272,1098,211
2018.4.27,Seoul Station,452,567,1618,2987,1951,2014,2606,3015,3418,2820,3749,4487,6624,10106,6146,3616,4085,3269,1558,282
2018.4.28,Seoul Station,482,492,845,1923,2233,2452,3793,4219,4208,3423,4699,4809,4647,3782,3405,3050,3211,2443,903,50
2018.4.29,Seoul Station,340,382,538,1007,1404,1918,2536,3043,2829,2502,3191,3654,3640,3017,3035,2752,3268,2319,755,76
2018.4.30,Seoul Station,467,576,1783,3059,1954,2068,2717,3010,2949,2422,3326,3293,4680,8574,4999,3527,3566,2291,1265,252
2018.5.1,Seoul Station,341,395,913,1838,1539,1981,2645,2923,2879,2689,3243,3304,3921,3334,2498,2162,2590,1503,688,110
2018.5.2,Seoul Station,391,566,1721,3146,1871,1843,2300,2650,2804,2411,3103,3383,5213,9579,4700,3148,3213,2101,968,133
2018.5.3,Seoul Station,489,550,1660,2968,1863,2104,2348,2998,3032,2654,3464,3644,5383,9490,5159,3325,3791,2322,1261,269
2018.5.4,Seoul Station,472,581,1458,2880,1951,2120,2857,3063,3552,2874,4129,4907,6731,10769,6576,4083,4232,3540,1535,578
2018.5.5,Seoul Station,525,490,600,1426,2389,2588,3860,4402,4018,3509,3845,4518,4035,3230,2732,2480,2883,2386,832,32
2018.5.6,Seoul Station,286,310,404,830,1187,1705,2899,2998,2893,2287,3154,3394,3441,2846,2755,2275,3154,2433,839,71
2018.5.7,Seoul Station,425,336,572,1202,1716,1943,3043,3640,3657,2982,3748,3893,4418,3586,3372,2790,3267,2378,777,140
2018.5.8,Seoul Station,487,600,1940,3500,1928,2026,2975,3174,2980,2491,3208,3579,5360,9580,5103,3147,3146,1946,853,111
2018.5.9,Seoul Station,466,582,1639,3026,1897,2070,2434,2756,2755,2253,3095,3479,5197,9867,4878,3155,3491,2265,1158,134
2018.5.10,Seoul Station,465,595,1683,3002,1864,2018,2501,2840,2767,2547,3474,3510,5655,9415,5387,3577,3836,2354,1231,162
2018.5.11,Seoul Station,490,534,1608,3123,2000,2149,2676,3193,3530,2692,4163,4717,7021,10449,5770,3551,3832,3151,1459,323
2018.5.12,Seoul Station,438,466,766,1862,2385,2438,3938,4331,4069,3400,4501,5035,4416,3508,2975,2797,3167,2447,821,47
2018.5.13,Seoul Station,334,385,506,964,1408,1865,2534,2944,2781,2359,3146,3449,3607,3121,2971,2600,3195,2013,599,98
2018.5.14,Seoul Station,467,598,2032,3337,1822,2033,2605,2819,2718,2319,3019,3289,5162,9472,5145,3367,3127,2164,933,135
2018.5.15,Seoul Station,505,578,1639,3055,1877,1990,2858,2916,2854,2344,3108,3364,5438,9464,4897,3362,3232,2161,1079,162
2018.5.16,Seoul Station,365,540,1689,2879,1824,1877,2289,2635,2644,2123,3058,3312,5761,9644,4713,3133,3159,1959,960,168
2018.5.17,Seoul Station,393,530,1560,2998,2048,2035,2327,2732,2799,2309,3097,3468,5428,9645,4671,3332,3859,2196,1063,197
2018.5.18,Seoul Station,388,546,1596,2879,1966,2080,2710,3338,3404,2844,4004,4871,6890,10231,5794,3649,3846,3411,1598,344
2018.5.19,Seoul Station,511,492,803,1936,2475,2604,4072,4617,4279,3541,5195,5084,4898,3813,3257,2998,3194,2621,1094,56
2018.5.20,Seoul Station,330,374,535,1170,1458,1858,2961,3191,3403,2702,3272,3494,3925,3364,3116,2862,3025,2536,911,59
2018.5.21,Seoul Station,468,542,1685,2791,1811,2300,2892,3129,3146,2714,3476,3725,5215,8805,4894,3206,3449,2387,1200,182
2018.5.22,Seoul Station,416,408,560,1105,1190,1884,2495,2898,2733,2739,3422,3466,3737,3057,2621,2508,2586,1938,773,71
2018.5.23,Seoul Station,434,568,1821,3277,1829,2000,2612,2889,2796,2372,3080,3547,5114,9576,4872,3198,3355,2201,997,147
2018.5.24,Seoul Station,451,567,1607,2979,1879,2073,2681,3104,2943,2549,3315,3381,5395,9566,4969,3437,3651,2295,1201,179
2018.5.25,Seoul Station,476,574,1630,3061,2018,2155,2891,3175,3401,2883,3892,4697,6855,10319,6074,3550,4145,3419,1649,245
2018.5.26,Seoul Station,485,438,812,1880,2356,2449,3845,4282,4353,3574,4440,4913,4648,3573,3519,2722,3082,2511,1032,65
2018.5.27,Seoul Station,294,334,528,997,1378,1997,2638,3011,3112,2557,3449,3597,3784,3223,3046,2546,2954,2221,608,32
2018.5.28,Seoul Station,509,553,2198,3303,1872,2288,2618,3028,2978,2605,3395,3441,4790,9647,5112,3293,3254,2122,981,131
2018.5.29,Seoul Station,460,514,1728,2937,1906,2008,2516,2854,2949,2432,3183,3202,5247,9460,5283,3497,3252,2051,984,172
2018.5.30,Seoul Station,447,590,1658,3000,1770,2046,2416,2704,2765,2485,3032,3518,5250,9486,5106,3573,3310,2220,1057,208
2018.5.31,Seoul Station,459,556,1687,2974,1761,2152,2742,3150,2953,2450,3067,3616,5020,8843,5230,3600,3903,2423,1221,183
2018.6.1,Seoul Station,474,606,1535,2855,1997,2139,2653,3119,3339,2902,4053,4350,6565,9984,5435,3534,3749,3085,1450,340
2018.6.2,Seoul Station,517,457,728,1656,2352,2572,3768,4023,3851,3379,4305,4288,3989,3116,2725,2754,2890,2361,822,36
2018.6.3,Seoul Station,331,350,456,981,1222,1876,2567,2883,2871,2374,3363,3301,3708,2994,3008,2614,2845,2299,821,50
2018.6.4,Seoul Station,464,616,2103,3219,1925,2061,2632,2719,2830,2158,3074,3140,4988,9216,4879,3210,3121,1918,880,110
2018.6.5,Seoul Station,453,570,1725,2917,1821,1875,2542,2846,2927,2605,3166,3451,5686,9448,5297,3344,3867,2423,1231,184
2018.6.6,Seoul Station,421,385,522,1232,1343,1967,2668,2896,2608,2635,2803,3035,2888,2597,2241,2099,2282,1628,620,23
2018.6.7,Seoul Station,506,605,1797,3263,1905,2132,2498,2793,2812,2592,3100,3453,5352,9152,4915,3360,3388,2062,1128,152
2018.6.8,Seoul Station,415,557,1592,3019,2006,1966,2827,2994,3189,2728,3837,4235,6410,10205,5437,3439,3864,3143,1444,274
2018.6.9,Seoul Station,464,444,716,1598,2159,2276,3673,4166,3747,3389,5199,4375,4124,3259,2913,2561,2650,2075,743,42
2018.6.10,Seoul Station,310,282,496,859,1201,1624,2105,2796,2678,2298,3110,3224,3526,2990,2701,2213,2704,1824,448,32
2018.6.11,Seoul Station,462,598,2035,3202,1910,2169,2614,2786,2763,2355,3253,3504,5044,9297,4886,3100,2987,2082,956,131
2018.6.12,Seoul Station,453,525,1662,2907,1844,2031,2373,2631,2752,2410,3267,3609,5654,9525,5418,3373,3531,2358,1208,195
2018.6.13,Seoul Station,427,321,551,952,1155,1714,2252,2479,2388,2212,2912,3272,2956,2623,2088,1897,1890,1439,642,29
2018.6.14,Seoul Station,475,557,1706,3203,1844,2021,2464,2845,2753,2488,3070,3356,5394,8964,4954,3347,3118,2128,1033,148
2018.6.15,Seoul Station,410,531,1542,2846,1993,2037,2596,2831,3024,2716,3722,4170,6328,9926,5407,3534,4015,3330,1451,236
2018.6.16,Seoul Station,499,448,690,1749,2174,2396,3446,4008,3700,3292,3667,3879,4023,3078,2567,2790,2832,2338,943,36
2018.6.17,Seoul Station,312,346,462,1163,1339,1822,2398,2640,2717,2333,3042,3251,3426,2988,2912,2434,2776,2145,689,46
2018.6.18,Seoul Station,468,590,2074,3154,1811,2042,2627,2797,2883,2382,3184,3315,5090,9797,5249,3211,2545,1495,1001,115
2018.6.19,Seoul Station,435,549,1681,2869,1809,1949,2509,2851,2837,2417,3072,3291,5417,9439,4743,3179,3365,2003,952,163
2018.6.20,Seoul Station,424,586,1641,2924,1759,1979,2430,2826,2933,2381,3102,3531,5492,9592,4648,3207,3330,2127,1027,184
2018.6.21,Seoul Station,471,526,1645,2954,1731,2076,2560,3104,2892,2478,3212,3719,5483,9431,4776,3357,3622,2335,1296,185
2018.6.22,Seoul Station,481,525,1598,2958,1902,1957,2870,3273,3412,2877,3929,5005,7268,10209,5700,3546,3983,2988,1601,319
2018.6.23,Seoul Station,498,440,1464,2194,2154,2256,3568,4252,4103,3318,4524,4746,4519,3487,2807,2699,3090,2335,904,39
2018.6.24,Seoul Station,396,342,475,928,1302,1718,2481,2993,2817,2316,3059,3182,3548,2903,2645,2515,2707,2132,566,86
2018.6.25,Seoul Station,495,541,2033,3122,1843,2091,2710,3070,2900,2472,3289,3627,5029,9377,4936,3228,3262,2121,1029,156
2018.6.26,Seoul Station,398,521,1559,2935,1714,1928,2278,2929,2676,2360,2943,3524,5338,9441,5007,3128,3366,1840,911,143
2018.6.27,Seoul Station,412,487,1529,2917,1762,1811,2524,2883,2889,2506,3296,3894,5218,9672,4787,3272,3431,2164,816,174
2018.6.28,Seoul Station,476,532,1553,2789,1784,2010,2528,3039,2988,2340,3170,3855,5358,9431,5038,3334,3488,2162,1074,192
2018.6.29,Seoul Station,431,503,1473,2710,1844,1925,2606,3080,3315,2692,3921,4704,6411,9641,5750,3656,4029,3178,1489,299
2018.6.30,Seoul Station,445,409,636,1364,1907,2178,3277,3738,3793,3342,4057,4589,4134,3212,2454,2147,2557,2019,707,39
2018.7.1,Seoul Station,262,261,384,846,1091,1614,1880,2449,2511,1889,2814,2716,3524,2891,2735,2769,2468,2224,844,40
2018.7.2,Seoul Station,366,509,1897,3431,1957,1909,2310,2782,2699,2318,2910,2909,5046,9136,4780,3163,2915,1892,999,153
2018.7.3,Seoul Station,395,534,1500,3002,1925,1972,2251,2727,2775,2309,2987,3158,5328,9402,4966,3174,2933,1947,1025,116
2018.7.4,Seoul Station,423,523,1511,3041,1892,1970,2405,2747,2736,2378,3169,3237,5515,9749,4705,3136,2959,2177,1138,145
2018.7.5,Seoul Station,462,532,1536,3039,1917,2018,2689,2802,3119,2576,3349,3576,5593,9692,4778,3394,3310,2225,1251,170
2018.7.6,Seoul Station,434,507,1409,2869,2096,2122,2570,3257,3273,2781,3791,4500,6730,10962,5826,3556,3910,3150,1592,222
2018.7.7,Seoul Station,477,405,661,1587,1878,2610,3672,3758,3869,3306,4033,4581,4126,3221,2619,2612,2526,2514,1084,50
2018.7.8,Seoul Station,319,327,425,952,1301,1838,2174,2575,2616,2246,2902,3311,3381,3189,2659,2888,2676,2163,884,29
2018.7.9,Seoul Station,440,515,1952,3457,2102,2087,2589,2851,2770,2481,3098,3241,5142,9790,5041,3102,2836,1905,1074,160
2018.7.10,Seoul Station,403,493,1544,3103,1856,2077,2393,2690,2905,2479,3236,3351,5153,9737,4992,3082,3016,1909,1174,166
2018.7.11,Seoul Station,401,474,1470,3123,2222,2040,2620,2858,3001,2572,3263,3519,5704,10041,4729,3281,3200,2192,1251,138
2018.7.12,Seoul Station,467,529,1621,3212,2150,2048,2763,3043,3086,2934,3893,3659,5570,9760,4897,3291,3508,2303,1344,191
2018.7.13,Seoul Station,464,508,1533,3027,2235,2133,2849,3307,3304,2662,4042,4587,6937,11007,5847,3990,3826,3355,1721,222
2018.7.14,Seoul Station,489,412,748,1869,2114,2657,4032,4267,4062,3391,4280,4321,4413,3730,2857,2529,2582,2555,1081,34
2018.7.15,Seoul Station,359,319,481,898,1360,1897,2280,2734,2923,2168,3411,3222,3700,3176,3026,2899,2959,2440,1117,30
2018.7.16,Seoul Station,530,571,2133,3528,2084,2169,2841,2639,2793,2319,2965,3387,5223,9698,4743,3005,2798,1940,964,154
2018.7.17,Seoul Station,436,539,1582,3078,2051,2012,2365,2642,2782,2252,3101,3446,5412,10089,5011,3254,3007,1947,1098,121
2018.7.18,Seoul Station,431,545,1616,3149,2002,1965,2569,2708,2842,2220,3142,3614,5658,10230,4705,3339,3159,2177,1214,128
2018.7.19,Seoul Station,479,547,1692,3123,2189,2051,2716,2826,2879,2395,3285,3670,5541,10148,4974,3447,3400,2170,1264,186
2018.7.20,Seoul Station,499,557,1470,3113,2239,2165,2780,3161,3789,2689,4085,4688,6947,10645,5720,3658,3695,3114,1655,222
2018.7.21,Seoul Station,496,399,713,1672,2087,2595,3660,3727,3441,3091,4579,3667,4034,3199,2595,2457,2541,2149,1057,38
2018.7.22,Seoul Station,290,333,411,1055,1330,1958,2125,2470,2561,2046,3093,2959,3474,3111,3053,2467,2592,2218,847,19
2018.7.23,Seoul Station,431,580,2002,3645,2247,2147,2750,2793,2828,2303,3127,3039,5501,9886,5086,3030,3110,1942,1042,129
2018.7.24,Seoul Station,444,542,1546,3180,2114,2020,2442,2808,2860,2288,2769,3388,5508,9774,5154,3379,3045,2157,1082,151
2018.7.25,Seoul Station,456,485,1533,3178,2050,1990,2573,2845,2878,2380,3322,3493,5445,10245,4837,3240,3169,2075,1177,158
2018.7.26,Seoul Station,440,504,1492,3119,2263,2158,2804,3080,3030,2437,3342,3476,5534,9735,5048,3434,3377,2319,1295,174
2018.7.27,Seoul Station,434,499,1496,3056,2126,2107,2718,3220,3228,2700,3863,4415,6775,10883,5870,3680,3648,2999,1586,191
2018.7.28,Seoul Station,479,425,669,1712,1907,2525,3361,3498,3608,3177,4029,4002,3618,2749,2422,2184,2203,2173,791,23
2018.7.29,Seoul Station,289,279,460,932,1340,1835,2147,2702,2588,2158,2911,3338,3379,3119,2738,2144,1721,2435,1360,158
2018.7.30,Seoul Station,445,516,1756,3341,2176,2295,3106,3223,2970,2656,3331,3767,5473,9518,5194,3276,3217,2087,1076,136
2018.7.31,Seoul Station,421,484,1481,2951,1918,2187,2372,3075,3040,2361,3319,3519,5287,9039,5326,3537,3298,2259,1267,198
2018.8.1,Seoul Station,413,503,1396,2899,1964,2109,3002,3089,3178,2433,3191,3661,5377,9555,4703,3180,2953,1978,1260,189
2018.8.2,Seoul Station,445,554,1392,2786,2003,2141,3035,2993,3022,2351,3492,3617,5472,9062,4637,3146,3165,2166,1301,175
2018.8.3,Seoul Station,398,491,1249,2684,2001,2119,2873,3249,3251,2959,3774,4711,6197,9866,5276,3631,3261,2920,1409,157
2018.8.4,Seoul Station,425,428,600,1532,1633,2375,3133,3663,3522,2752,3576,4072,4066,3023,2560,2364,2415,2203,920,32
2018.8.5,Seoul Station,296,303,400,943,1300,1772,2280,2922,2843,2150,2904,3163,3401,2885,2981,2655,2628,2204,1014,49
2018.8.6,Seoul Station,437,499,1852,3512,2138,2176,2730,2950,2940,2526,3208,3579,5085,9380,4661,2858,2590,1922,885,107
2018.8.7,Seoul Station,406,469,1422,2811,2039,1882,2552,2675,2892,2401,3291,3559,5211,9576,4935,3192,3043,1970,1044,173
2018.8.8,Seoul Station,403,487,1475,2886,2094,2042,2537,2773,2713,2253,3114,3531,5442,9663,4670,3172,2987,2034,1183,164
2018.8.9,Seoul Station,418,478,1487,2979,2027,2030,2727,2875,2724,2397,3238,3457,5109,9461,4701,3204,3103,2125,1241,143
2018.8.10,Seoul Station,433,474,1357,2752,2231,2063,2532,3287,3305,2611,3844,4011,6277,9987,5896,3745,3479,2832,1441,212
2018.8.11,Seoul Station,466,382,641,1513,1809,2487,3399,3689,3410,2984,4104,3754,3911,2829,2419,2363,2624,2217,998,49
2018.8.12,Seoul Station,293,303,408,923,1226,1800,2215,2589,2634,2073,2847,2825,3534,4433,3215,2403,2641,2074,896,16
2018.8.13,Seoul Station,470,514,1886,3346,2187,2205,2704,2950,3080,2520,3491,3293,5404,9430,4875,3238,3160,2099,1071,151
2018.8.14,Seoul Station,437,509,1534,2837,2129,2105,2658,2993,2922,2836,3687,3476,5981,9895,5537,3658,3514,2408,1567,228
2018.8.15,Seoul Station,410,373,530,1030,1334,1872,2524,2848,3071,3103,3758,3295,3365,3039,2465,2269,2166,1867,909,32
2018.8.16,Seoul Station,465,543,1650,3133,2218,2262,2797,3200,3136,2376,3261,3488,5530,9252,5041,3359,3234,2164,1214,150
2018.8.17,Seoul Station,440,532,1507,3076,2185,2040,2632,3268,3134,2896,4008,4427,6578,10068,5878,3696,3669,3067,1583,191
2018.8.18,Seoul Station,472,391,699,1600,1971,2569,3533,3546,3887,3196,3804,3851,3794,3202,2694,2521,2523,2355,956,28
2018.8.19,Seoul Station,299,309,455,1000,1286,1829,2240,2636,2547,2127,3175,3054,3594,2989,3033,2772,2702,2336,872,30
2018.8.20,Seoul Station,477,512,1966,3591,2196,2212,2740,2988,2961,2562,3289,3380,5400,9790,5053,3267,2974,1844,998,140
2018.8.21,Seoul Station,424,508,1554,3229,2046,2238,2554,2826,2937,2604,3312,3702,5614,9754,5293,3473,3188,2249,1195,190
2018.8.22,Seoul Station,420,523,1574,3223,2240,2210,2602,2903,2891,2558,3361,3652,6098,10270,5165,3431,3378,2349,1331,180
2018.8.23,Seoul Station,411,477,1569,3142,2076,2052,2273,2671,2723,2260,3039,3505,5560,9933,4857,3243,2879,1798,994,125
2018.8.24,Seoul Station,345,425,1326,2833,1918,1789,2139,2916,3078,2532,3782,4250,6377,10269,5447,3576,3399,2930,1406,276
2018.8.25,Seoul Station,460,385,774,1921,2274,2911,4159,4290,4312,3505,5920,4375,4187,3258,2823,2661,2621,2424,1021,42
2018.8.26,Seoul Station,290,293,479,999,1412,2020,2165,2865,2773,2305,3190,2945,3643,3076,2959,2537,2583,2142,827,13
2018.8.27,Seoul Station,407,515,2000,3944,2337,2082,2778,3059,2983,2361,3430,3572,5291,9886,4978,3330,3185,2001,1043,149
2018.8.28,Seoul Station,415,506,1631,3254,2282,2034,2644,2946,2928,2534,3252,3337,5699,10158,5402,3668,3248,2332,1174,197
2018.8.29,Seoul Station,366,485,1602,3135,2225,2049,2602,2704,3009,2505,3399,4048,6087,10332,4929,3551,3323,2016,1300,178
2018.8.30,Seoul Station,371,499,1580,3163,2066,2158,2874,2986,3083,2606,3521,3825,5617,9855,5221,3653,3272,2362,1390,167
2018.8.31,Seoul Station,450,458,1573,3102,2150,2283,2714,3322,3515,2796,4106,4892,6980,10313,6267,4337,3964,3461,1748,244
2018.9.1,Seoul Station,499,409,733,1729,1921,2807,3812,3866,4012,3276,4180,4216,4204,3490,2989,2632,2290,2162,1175,65
2018.9.2,Seoul Station,397,343,492,1067,1379,1995,2307,2791,2822,2401,3292,3205,3715,3397,3261,2965,2839,2397,950,27
2018.9.3,Seoul Station,419,552,2267,3990,2330,2217,2557,2793,2714,2274,3294,3401,5298,10038,5327,3374,3135,1818,1065,117
2018.9.4,Seoul Station,403,499,1818,3398,2320,2230,2492,2747,2959,2492,3071,3480,5407,9993,5267,3480,3167,2180,1159,157
2018.9.5,Seoul Station,440,590,1752,3373,2316,2131,2464,2792,2931,2589,3149,3647,5651,10208,5139,3214,3196,2165,1211,173
2018.9.6,Seoul Station,423,578,1723,3443,2333,2220,2815,2868,3027,2444,3578,3624,5898,10296,5126,3487,3386,2226,1450,189
2018.9.7,Seoul Station,430,508,1666,3376,2476,2253,2714,3299,3590,2733,4095,4702,6969,10963,6138,3842,4210,3585,1812,257
2018.9.8,Seoul Station,471,417,771,1688,2104,2967,4009,3977,4048,3547,4990,4967,5044,3885,3295,3006,2890,2514,1195,41
2018.9.9,Seoul Station,348,320,518,1074,1329,2040,2515,2935,2839,2306,3503,3461,3642,3423,3282,2717,2700,2408,958,26
2018.9.10,Seoul Station,450,623,2197,4108,2496,2103,2865,2945,2983,2594,3273,3262,5302,9983,5292,3315,3163,2039,1084,155
2018.9.11,Seoul Station,447,562,1796,3467,2316,2165,2572,2917,2935,2585,3241,3512,5579,10133,5350,3535,3146,2139,1249,176
2018.9.12,Seoul Station,438,556,1721,3574,2335,2218,2773,2831,3026,2497,3475,3731,5798,10314,5265,3327,3293,2214,1303,160
2018.9.13,Seoul Station,488,554,1623,3655,2358,2150,2803,2860,3039,2512,3519,3794,5941,10161,5430,3621,3691,2478,1386,198
2018.9.14,Seoul Station,434,532,1592,3473,2407,2309,2919,3517,3550,2821,4315,5083,7020,11105,6152,4192,4065,3457,1636,242
2018.9.15,Seoul Station,485,435,785,1802,2173,2812,3873,4255,4151,3670,5061,4792,4705,3551,3310,2740,2874,2529,1233,44
2018.9.16,Seoul Station,337,340,502,1088,1423,2044,2398,2956,2985,2453,3590,3762,4008,3634,3377,2937,2856,2372,970,13
2018.9.17,Seoul Station,471,633,2173,4163,2393,2352,2668,2868,2868,2541,3266,3317,5371,9955,5258,3335,3269,2110,1194,171
2018.9.18,Seoul Station,449,574,1793,3575,2395,2301,2585,2860,2907,2707,3300,3951,5636,10305,5758,3490,3346,2357,1242,158
2018.9.19,Seoul Station,436,533,1627,3641,2381,2136,2529,2790,2992,2530,3357,3630,5584,10144,5306,3275,3336,2216,1257,188
2018.9.20,Seoul Station,413,534,1644,3729,2373,2083,2652,2907,2902,2505,3385,3492,5667,9808,5412,3522,3457,2255,1333,197
2018.9.21,Seoul Station,362,494,1495,3001,1800,1774,2246,2856,3149,3139,5136,5562,6717,7931,4665,3372,3149,2575,1263,173
2018.9.22,Seoul Station,370,358,597,1350,1569,1952,2857,3046,3194,2913,4924,3158,3480,2900,2320,2174,2254,1804,902,39
2018.9.23,Seoul Station,282,287,420,937,1221,1795,2412,2971,2810,2282,3096,2957,3011,2558,2066,1898,1664,1463,541,18
2018.9.24,Seoul Station,314,327,725,1067,1042,1713,2475,3357,3042,2396,3348,3122,3395,2990,2949,2901,2616,2184,1255,739
2018.9.25,Seoul Station,227,232,456,1580,1876,2302,2741,3570,3148,2280,3546,3949,3800,3403,3383,3072,3115,2814,1697,857
2018.9.26,Seoul Station,244,256,577,1755,2008,2225,2901,3480,3254,2518,3752,3692,4159,3471,3528,3244,3031,2790,1250,64
2018.9.27,Seoul Station,439,547,2223,3746,2104,2309,3062,3384,3061,2371,3810,3704,5304,9435,5282,3086,3029,2065,1200,142
2018.9.28,Seoul Station,417,529,1576,3105,2029,2180,2531,2891,3126,2498,3594,3906,5630,9569,6087,3977,3709,2732,1406,204
2018.9.29,Seoul Station,410,392,654,1591,1727,2520,3513,3486,3714,3468,3859,4066,3929,3358,2725,2398,2375,2228,891,24
2018.9.30,Seoul Station,281,284,445,1133,1301,1802,2019,2495,2396,2090,2928,2990,3441,2924,2649,2526,2311,1842,718,22
2018.1.1,Gangnam,1284,1120,635,581,629,737,1070,1483,1860,2100,2606,2852,3355,3249,2819,3387,3958,4068,1860,2
2018.1.2,Gangnam,404,828,1892,3214,2507,2452,3014,4295,5682,5841,6891,7642,9694,16601,12402,8774,10318,9415,4263,856
2018.1.3,Gangnam,477,796,2157,3222,2505,2661,3514,4649,6028,6223,7141,7905,10464,17530,12111,8834,11087,11381,4953,1013
2018.1.4,Gangnam,470,830,2055,3304,2501,2469,3426,4605,6138,6144,7124,8142,10012,16660,12145,8910,11730,11726,5537,1200
2018.1.5,Gangnam,477,822,1996,3159,2614,2553,3518,4750,6272,6355,7429,8537,11096,17657,13127,9286,11167,12494,7905,2057
2018.1.6,Gangnam,860,822,714,1172,1417,2097,3036,4481,5993,6617,7009,8567,9112,7968,5566,5721,7496,8700,4898,3
2018.1.7,Gangnam,691,717,593,728,1027,1206,1700,2127,2989,3543,3992,4488,5049,5009,3986,4253,5159,4917,2215,3
2018.1.8,Gangnam,390,779,1968,3234,2636,2478,3522,4612,6117,5996,6851,8189,9721,17131,12593,8800,10905,11303,4014,828
2018.1.9,Gangnam,466,803,2035,3346,2689,2425,3495,4550,6233,6068,7154,8116,9998,16776,12080,9067,11569,11863,5017,1129
2018.1.10,Gangnam,443,816,1863,3347,2783,2572,3693,4696,6251,6191,7206,7923,10844,17328,12266,9044,11813,12802,5172,1055
2018.1.11,Gangnam,442,744,2010,3161,2574,2338,3440,4304,6036,5575,6712,7650,10005,16398,11890,8952,11031,12375,5347,1017
2018.1.12,Gangnam,444,723,1841,3114,2475,2399,3380,4461,6160,5657,7192,8089,10784,17629,12296,8502,10202,12277,7338,2014
2018.1.13,Gangnam,786,797,728,1119,1424,2196,3084,4497,6207,6387,7313,8606,9779,8396,5641,5831,7332,9345,4841,1
2018.1.14,Gangnam,761,757,589,786,1102,1282,1695,2402,3296,3443,4090,4547,5364,5046,4334,4522,5185,5160,2295,5
2018.1.15,Gangnam,388,755,1914,3277,2681,2564,3515,4490,6440,6202,7311,8156,9327,17547,12379,9582,10766,11109,4231,858
2018.1.16,Gangnam,447,823,2071,3177,2664,2555,3418,4692,6115,5861,7352,8045,9966,16641,11978,9054,11445,11909,4750,936
2018.1.17,Gangnam,439,783,1988,3238,2610,2568,3493,4652,6097,5935,6985,7919,10153,18170,12009,9307,11492,12367,5064,1165
2018.1.18,Gangnam,494,792,1925,3313,2711,2470,3592,4421,6160,6000,7060,8274,9813,17058,12088,9215,11358,12527,5440,1212
2018.1.19,Gangnam,472,759,1915,3255,2669,2602,3684,4678,6286,6159,7528,8349,10933,17357,12574,9077,10861,13190,8153,2203
2018.1.20,Gangnam,907,912,748,1221,1552,2233,3348,4879,6526,6804,7485,9021,9750,8742,5952,5893,7867,9044,4978,29
2018.1.21,Gangnam,795,767,614,778,1189,1360,1893,2337,3173,3578,3882,4744,5218,5093,4071,4350,5315,5047,2283,0
2018.1.22,Gangnam,323,810,1979,3260,2632,2501,3573,4546,6228,5742,7297,8260,9864,16856,12126,8713,10744,10803,3922,776
2018.1.23,Gangnam,423,780,2022,3234,2647,2422,3455,4544,5777,5817,6945,7703,9687,16504,12079,8980,10896,11289,4474,891
2018.1.24,Gangnam,401,747,1824,3232,2602,2394,3146,4563,5691,5317,6683,7238,10139,17043,11237,8397,10706,11380,4444,856
2018.1.25,Gangnam,403,764,1876,3142,2539,2206,3265,4336,5751,5574,6552,7453,9559,16126,11704,8847,10809,11475,4946,996
2018.1.26,Gangnam,405,740,1797,3134,2402,2286,3088,4329,5703,5491,6721,7968,10275,17379,12156,8590,9880,11873,7048,1828
2018.1.27,Gangnam,709,764,679,1099,1390,1970,2894,4359,5977,6188,7131,8644,8978,8326,5591,5731,6954,8510,4566,16
2018.1.28,Gangnam,690,715,620,744,1091,1203,1725,2284,3044,3319,3972,4607,5034,4886,4195,4294,5312,5202,2076,9
2018.1.29,Gangnam,368,758,1864,3076,2500,2307,3153,4050,5626,5063,6620,7418,9234,16542,12262,8757,10416,10496,3940,782
2018.1.30,Gangnam,461,733,1939,3105,2414,2166,2953,3655,5002,5041,6603,7166,9788,16853,12549,9364,11057,11809,5110,1111
2018.1.31,Gangnam,433,761,1999,3301,2592,2439,3228,3994,5282,5280,6593,6989,9472,16425,11556,9202,10880,11895,5207,1086
2018.2.1,Gangnam,408,811,2006,3240,2737,2500,3443,4171,5882,5822,6902,7514,9877,16571,12106,8907,11680,12006,5320,1133
2018.2.2,Gangnam,457,770,1962,3196,2711,2417,3422,4647,6215,6056,7342,8259,10684,17570,12386,8903,10544,12330,7753,2060
2018.2.3,Gangnam,869,856,794,1194,1509,2124,3065,4616,6381,6631,7373,9061,9547,8340,5792,5997,7299,8408,4694,85
2018.2.4,Gangnam,701,676,581,767,1113,1185,1547,2245,3186,3622,3942,4669,5305,5068,4252,4397,5038,4907,2094,0
2018.2.5,Gangnam,328,785,1870,3368,2597,2442,3330,4202,5663,5511,6726,7519,9671,16622,12386,8912,10788,10584,3832,654
2018.2.6,Gangnam,418,768,1946,3212,2672,2308,3072,4334,5698,5599,6839,7695,10494,16624,11983,9095,11671,11100,4731,913
2018.2.7,Gangnam,408,740,1955,3140,2667,2431,3284,4391,5762,5616,6850,7507,10701,17321,11626,9052,11819,11878,5023,988
2018.2.8,Gangnam,421,778,1833,3307,2669,2324,3266,4187,5652,5675,6965,7636,9948,16306,11999,9082,11614,12003,5621,1162
2018.2.9,Gangnam,476,756,1886,3250,2558,2584,3354,4397,5814,5994,7253,8218,10899,17373,12243,9074,10497,12719,8056,2101
2018.2.10,Gangnam,854,916,767,1172,1608,2246,3070,4949,6450,6538,7302,8745,9526,8504,6156,5873,7419,8430,4716,6
2018.2.11,Gangnam,766,761,601,841,1175,1289,1727,2277,3239,3525,3801,4767,5065,5237,4349,4630,5348,5097,2195,1
2018.2.12,Gangnam,352,753,1795,3234,2589,2529,3473,4278,5823,5903,7224,8086,9802,17034,12569,9475,11760,11432,5085,1048
2018.2.13,Gangnam,393,794,1756,3185,2602,2564,3583,4354,5867,5924,7045,8020,10056,16595,12138,9534,11483,11771,5598,1279
2018.2.14,Gangnam,463,774,1807,2902,2264,2517,3542,5000,6483,7167,9268,10378,12292,14484,9157,7447,9048,9122,4562,964
2018.2.15,Gangnam,593,591,520,623,845,1131,1444,1934,2244,2397,2695,3030,3386,3329,2796,2492,3181,3053,1450,1
2018.2.16,Gangnam,295,427,412,465,451,507,679,784,966,946,1083,1300,1482,1476,1273,1278,1750,1942,1129,259
2018.2.17,Gangnam,347,450,348,420,603,783,1206,1698,2050,2416,2626,3228,3606,3687,2960,3229,4300,4793,2694,384
2018.2.18,Gangnam,549,555,438,557,798,1017,1402,1881,2284,2727,3122,3563,3941,4263,3594,4040,4988,4386,2122,1
2018.2.19,Gangnam,343,758,1919,3055,2473,2306,3347,4020,5489,5623,6924,7685,9611,16640,12445,8966,10638,11425,4127,725
2018.2.20,Gangnam,416,816,2047,3267,2657,2464,3453,4549,5697,5782,7610,7986,10228,17135,12720,9739,11863,12543,4972,949
2018.2.21,Gangnam,512,788,2009,3318,2635,2436,3601,4686,5906,5801,7494,8123,10834,17481,12457,9330,11776,12862,5329,1053
2018.2.22,Gangnam,457,788,1962,3322,2794,2500,3477,4416,6030,6023,7445,7857,10183,16582,12187,9418,11529,13002,5797,1281
2018.2.23,Gangnam,494,817,1855,3333,2587,2531,3590,4625,5995,6073,7720,8423,11191,17699,12787,9309,10736,12972,8155,2105
2018.2.24,Gangnam,939,889,893,1251,1704,2450,3697,4972,6652,6875,7722,9111,10121,9463,6735,6157,7787,9302,4778,87
2018.2.25,Gangnam,767,724,706,962,1191,1424,2088,2547,3710,3946,4209,5211,5600,5827,4779,5130,5766,5649,2299,0
2018.2.26,Gangnam,379,744,1850,3199,2704,2631,3616,4322,5363,5729,7026,7708,9695,16234,12376,9526,11186,11693,4481,910
2018.2.27,Gangnam,451,790,1929,3264,2589,2659,3572,4388,5662,5690,7065,8099,10242,16175,12315,9633,11620,12376,5375,1127
2018.2.28,Gangnam,434,804,1925,3170,2614,2356,3384,4342,5752,5921,7142,7594,9907,15798,12063,8956,10506,13230,7386,2127
2018.3.1,Gangnam,1331,911,629,861,1031,1361,1904,2789,3518,3723,4486,5261,5633,5857,5067,5523,6742,7081,2975,6
2018.3.2,Gangnam,390,736,1911,2936,2197,2158,2886,3656,4571,5119,6446,6895,9056,14788,10922,8208,9242,10930,6066,1477
2018.3.3,Gangnam,675,825,711,1138,1594,2104,3184,4498,5558,6335,6982,7983,8479,8334,5803,5848,6896,8552,4439,16
2018.3.4,Gangnam,733,698,622,826,1050,1225,1588,2226,2892,3351,3708,4303,4705,5107,4157,4908,4955,4497,1850,5
2018.3.5,Gangnam,297,716,1938,3275,2808,2376,3001,3644,4699,4903,6109,6735,8662,15304,11915,8926,10677,10693,3635,786
2018.3.6,Gangnam,423,785,2289,3462,2712,2285,3188,3792,5094,5035,6387,6896,9019,15364,11430,9180,11241,11463,4461,899
2018.3.7,Gangnam,421,780,2205,3515,2718,2377,3197,3783,5032,5119,6308,7000,9446,16071,10931,8311,11686,12335,4643,940
2018.3.8,Gangnam,381,730,1991,3476,2520,2438,2956,3575,4815,4946,6149,6745,8952,15391,11248,8686,11120,12052,4953,1030
2018.3.9,Gangnam,435,777,2084,3270,2671,2331,3240,4263,5431,5614,6752,7565,10199,16956,12054,8969,10748,13373,7761,2066
2018.3.10,Gangnam,802,855,838,1230,1608,2367,3616,4879,7122,7158,7570,8986,10035,8905,6465,6325,7646,9228,4886,11
2018.3.11,Gangnam,714,770,641,895,1282,1452,1933,2647,3438,3874,4118,4915,5511,5648,4837,4930,5726,5468,2333,1
2018.3.12,Gangnam,352,796,2102,3370,2759,2354,3060,3659,5020,5047,6064,6877,8799,15775,11637,8978,10667,11140,3905,769
2018.3.13,Gangnam,384,761,2194,3419,2688,2386,3158,3622,5047,4939,6147,6770,8937,15729,11504,9014,11418,11755,4464,911
2018.3.14,Gangnam,419,795,2087,3558,2728,2376,3243,3860,5184,5222,6018,6561,9400,16415,11497,8489,11329,12356,4912,956
2018.3.15,Gangnam,418,719,1880,3309,2702,2346,2864,3333,4892,4821,5893,6953,8929,15042,10690,8634,10987,12006,4934,1090
2018.3.16,Gangnam,450,802,2099,3407,2741,2416,3310,4204,5407,5630,6550,7529,10351,16289,12279,9276,10730,13388,8344,2161
2018.3.17,Gangnam,896,874,775,1385,1818,2320,3443,4907,6666,6822,7186,8698,9776,8582,6142,6266,7639,9247,4983,45
2018.3.18,Gangnam,770,740,699,1040,1254,1311,1821,2632,3506,3703,3911,4701,5379,5231,4268,4631,5645,5205,2133,1
2018.3.19,Gangnam,318,753,1980,3225,2703,2456,2962,3664,4817,4820,6055,6395,8514,15680,11060,8364,10263,10498,3597,679
2018.3.20,Gangnam,428,787,2231,3343,2827,2267,3172,3685,4927,5025,6036,6849,9081,15625,11181,8929,11054,11721,4257,824
2018.3.21,Gangnam,443,808,2129,3505,2755,2233,3057,3737,5110,4904,5920,6375,9075,16186,10430,8072,10721,11639,4634,891
2018.3.22,Gangnam,384,787,2119,3445,2673,2258,2929,3472,4968,4964,6079,6944,9066,15622,11212,9052,11666,12545,5229,1205
2018.3.23,Gangnam,402,849,2072,3378,2748,2387,3449,4187,5309,5605,6771,7721,10684,17024,12201,8961,10892,12965,8271,2211
2018.3.24,Gangnam,889,939,873,1302,1739,2442,3441,5083,7186,6840,7658,8763,9632,8782,6361,6256,7468,9432,4765,23
2018.3.25,Gangnam,717,750,675,817,1202,1208,1877,2743,3779,4025,4100,4836,5526,5515,4513,4770,5442,5419,2131,3
2018.3.26,Gangnam,311,782,2023,3462,2634,2440,3113,3609,4672,4730,5886,6592,8385,15631,11730,8739,10406,10645,3611,784
2018.3.27,Gangnam,366,835,2208,3463,2677,2390,3146,3617,4890,4877,6259,6678,8708,15924,11391,8728,10971,11228,4474,901
2018.3.28,Gangnam,418,804,2113,3431,2818,2386,3174,3777,4920,4968,6051,6557,9075,16138,11082,8488,10993,12069,4934,1002
2018.3.29,Gangnam,408,786,2137,3363,2772,2368,3032,3582,4979,4895,6102,6790,9069,15380,11223,8555,11240,12307,5286,1147
2018.3.30,Gangnam,468,810,2045,3255,2827,2553,3212,4150,5360,5496,6928,7585,10213,16576,11756,8977,10607,12710,7788,2158
2018.3.31,Gangnam,958,930,844,1229,1642,2212,3387,4379,6222,6409,7561,8455,9049,8405,6050,5783,7121,8890,4800,12
2018.4.1,Gangnam,725,782,607,838,1142,1251,1803,2689,3458,3558,3956,4336,5072,5202,4226,4472,5098,4970,2000,1
2018.4.2,Gangnam,322,766,2036,3435,2690,2389,3017,3574,4966,4785,5780,6558,8452,15762,11568,8548,10139,10357,3829,716
2018.4.3,Gangnam,379,820,2180,3436,2612,2231,2955,3663,4916,4879,5996,6625,8781,16320,11049,8727,10654,10712,4273,908
2018.4.4,Gangnam,356,803,2066,3451,2643,2357,2993,3579,4919,4703,6101,6551,9450,16618,10869,8298,10460,11620,4664,935
2018.4.5,Gangnam,420,755,2020,3353,2613,2367,2958,3542,4905,4922,6060,6810,8911,15881,10762,8623,10666,11646,5014,1074
2018.4.6,Gangnam,405,771,2023,3352,2592,2571,3268,4321,5558,5603,6830,7635,10936,17545,11966,8953,10479,12549,7140,1735
2018.4.7,Gangnam,699,935,849,1366,1741,2603,3546,5184,6871,7424,7656,8754,8797,8323,5964,6066,7310,8395,4383,12
2018.4.8,Gangnam,598,808,623,801,1216,1480,2113,2920,3799,4165,4549,4888,5757,5475,4362,4542,4986,4491,1909,12
2018.4.9,Gangnam,316,779,2011,3440,2662,2336,2842,3644,4701,4726,5927,6388,8422,16050,11475,8402,10049,10071,3650,657
2018.4.10,Gangnam,409,793,2208,3409,2684,2260,3030,3549,5040,4950,6069,6750,9046,16360,11032,9118,11068,11119,4101,886
2018.4.11,Gangnam,399,843,2175,3428,2667,2437,3110,3814,4986,4835,5959,6687,9226,16928,10850,8439,10795,12248,4650,915
2018.4.12,Gangnam,430,793,2141,3446,2652,2440,3112,3854,5130,5095,6492,6745,9168,16087,11139,8606,10955,12230,5332,1175
2018.4.13,Gangnam,431,819,2109,3269,2591,2479,3301,4217,5254,5665,6741,7274,10256,17057,11106,8350,9809,12400,7140,1783
2018.4.14,Gangnam,783,944,775,1281,1510,2093,3046,4773,6288,6396,6860,7964,8444,7885,5672,5521,6653,8114,3885,20
2018.4.15,Gangnam,620,762,767,990,1181,1417,1877,2580,3580,3769,3795,4394,4602,4908,4255,4439,5234,4868,1963,0
2018.4.16,Gangnam,328,822,1993,3366,2561,2318,2995,3678,4722,4718,5871,6450,8582,16063,11122,8463,10221,10219,3719,667
2018.4.17,Gangnam,375,856,2203,3404,2681,2264,3004,3601,4845,4732,5935,6488,8949,16065,11040,8489,10714,10829,4115,809
2018.4.18,Gangnam,431,823,2224,3401,2618,2452,3068,3694,4930,4758,5928,6554,9107,16547,10628,8260,10698,11484,4365,873
2018.4.19,Gangnam,428,818,2155,3495,2582,2377,3016,3656,4925,4908,5952,6281,9017,15905,10824,8428,10529,11185,4736,1029
2018.4.20,Gangnam,420,845,1963,3255,2598,2411,3171,3981,5421,5457,6315,7594,10193,17443,11278,8108,9708,10958,6946,1890
2018.4.21,Gangnam,768,929,880,1326,1696,2273,3238,4680,6071,6274,6693,8001,8166,7702,5393,5489,6509,7867,4060,13
2018.4.22,Gangnam,710,934,800,889,1170,1248,1859,2500,3112,3479,3582,4279,4370,4587,3730,3973,4449,3954,1598,4
2018.4.23,Gangnam,253,742,1723,3100,2436,2264,2788,3328,4300,4346,5548,6151,8054,15616,10834,7411,9216,9105,3118,629
2018.4.24,Gangnam,366,803,2085,3272,2531,2270,3107,3601,4836,4705,6022,6351,8741,15558,10841,8240,10285,10549,3941,808
2018.4.25,Gangnam,405,911,2168,3411,2527,2457,3091,3849,4793,5152,6062,6577,9412,16340,10878,8042,10298,11540,4918,1032
2018.4.26,Gangnam,450,839,2117,3408,2689,2348,3085,3758,5066,5066,6260,6712,9017,16062,10817,8603,10706,11981,5414,1185
2018.4.27,Gangnam,475,846,2000,3334,2588,2430,3113,4343,5419,5592,6716,7680,10376,17564,11952,8729,10285,12268,7333,1916
2018.4.28,Gangnam,1014,1017,951,1477,1651,2480,3261,4866,6287,6623,7281,8462,8960,8338,5855,5918,7117,8585,4587,12
2018.4.29,Gangnam,813,774,733,877,1254,1408,1933,2702,3564,3720,4105,4797,5068,5189,4222,4384,5310,5142,2205,2
2018.4.30,Gangnam,373,826,1785,3084,2310,2208,2982,3721,4571,4590,5933,6266,8055,15042,10901,8007,9298,10804,5217,1467
2018.5.1,Gangnam,560,659,1032,1598,1673,1860,2549,3310,4200,4379,5251,6156,7016,8301,6324,6003,7342,7713,3140,555
2018.5.2,Gangnam,368,793,1816,3265,2643,2559,3171,3928,4916,4913,5977,6390,8890,16625,11286,8378,10581,10718,4146,855
2018.5.3,Gangnam,387,819,2115,3559,2585,2381,3200,4009,5293,5099,6215,7108,8979,15983,11296,8983,11173,11955,4999,1095
2018.5.4,Gangnam,453,891,2006,3349,2592,2512,3301,4258,5713,5939,6912,7822,10948,17643,12487,9092,11117,12482,7221,1848
2018.5.5,Gangnam,868,997,788,937,1328,1788,2247,3558,4486,4956,5331,6028,6402,6566,5104,5016,6027,7031,3451,11
2018.5.6,Gangnam,645,721,575,743,1085,1247,1754,2487,3051,3484,3793,4354,4758,4617,3653,4148,5035,5440,2767,0
2018.5.7,Gangnam,589,667,640,889,1049,1346,1939,2810,3382,3888,4379,5260,5749,6034,5012,5020,5970,6417,2248,2
2018.5.8,Gangnam,419,796,1959,3341,2740,2372,3009,3536,4826,4755,5816,6538,8939,16584,11577,8357,9683,9489,3215,585
2018.5.9,Gangnam,380,806,2139,3407,2620,2391,3027,3904,5147,4992,6072,6623,9372,16472,10907,8341,11112,11828,4815,1133
2018.5.10,Gangnam,403,848,2151,3506,2664,2458,3303,3791,5138,5099,6083,6901,9412,16026,11285,8981,11266,12492,5142,1097
2018.5.11,Gangnam,432,886,2100,3486,2703,2609,3439,4162,5483,5821,6975,7517,10500,17435,11880,8914,10446,12568,7430,1883
2018.5.12,Gangnam,889,876,889,1166,1643,2189,3276,4726,6455,6517,7005,8323,9151,8526,5921,5639,6916,8181,4260,94
2018.5.13,Gangnam,673,807,809,951,1190,1318,1874,2777,3637,3871,4118,4843,5280,5569,4569,4985,5569,5371,2277,4
2018.5.14,Gangnam,343,898,2000,3412,2623,2373,3147,3684,5014,4968,6104,6850,8647,15942,11512,8680,10441,10912,3947,790
2018.5.15,Gangnam,450,895,2279,3540,2744,2551,3112,3981,5207,5086,6239,6688,9354,16228,11127,8610,10597,10932,4657,877
2018.5.16,Gangnam,404,816,1884,3352,2681,2324,2849,3516,4763,4555,5363,5984,8793,16034,10208,7481,10056,10861,4337,1003
2018.5.17,Gangnam,407,802,1952,3275,2616,2200,2934,3463,4750,4737,5687,6585,8760,15646,10643,8617,10939,11559,4797,1094
2018.5.18,Gangnam,412,827,1894,3271,2537,2387,3293,4086,5716,5431,6625,7209,10399,16923,11587,8883,10252,12653,7202,1953
2018.5.19,Gangnam,1027,989,958,1337,1789,2200,3564,4933,6502,7115,7515,8653,9510,8570,5823,5964,7155,8712,4616,32
2018.5.20,Gangnam,829,793,761,965,1250,1458,1914,2679,3525,3755,4006,4580,5144,5002,4252,4520,5507,5476,2495,3
2018.5.21,Gangnam,387,804,1994,2879,2425,2419,3129,4039,5343,5339,6473,6973,8891,14844,10163,7639,9178,10708,5436,1383
2018.5.22,Gangnam,770,750,684,930,1145,1335,1801,2540,3327,3936,4242,4737,5179,5585,4345,4825,5893,6211,2636,9
2018.5.23,Gangnam,352,850,2094,3283,2780,2369,2977,3686,4858,4928,6033,6432,9166,16201,10877,8577,10913,11173,4476,974
2018.5.24,Gangnam,448,817,2186,3398,2728,2430,3119,3773,4860,4891,6151,7172,9273,16231,11167,8883,10787,10977,5176,1146
2018.5.25,Gangnam,486,857,2099,3348,2632,2497,3309,4138,5214,5465,6784,7407,10332,17082,11496,8736,10013,12714,7203,1949
2018.5.26,Gangnam,780,969,874,1376,1757,2421,3291,5037,6521,6721,7746,8885,9366,8265,5756,5798,6911,8501,4591,28
2018.5.27,Gangnam,873,881,641,901,1187,1369,1861,2696,3514,3678,4156,4968,5230,5025,4134,4548,5287,4985,2156,2
2018.5.28,Gangnam,396,833,1921,3359,2476,2480,3003,3722,4825,4943,5935,6402,8685,15946,11148,8339,10064,10609,3785,737
2018.5.29,Gangnam,417,828,2156,3293,2539,2352,3066,3695,4941,4814,6087,6524,9078,16603,11166,8521,10096,10671,4164,893
2018.5.30,Gangnam,438,814,1976,3152,2668,2331,3068,3770,4713,4716,5860,6494,8972,15946,10784,8138,10797,11357,4868,1089
2018.5.31,Gangnam,463,809,2114,3314,2541,2309,2830,3459,4670,4800,5979,6469,8737,15309,10632,8727,10646,11575,5092,1279
2018.6.1,Gangnam,474,881,2099,3226,2324,2289,2941,3825,4896,5086,6538,6939,10069,16947,11414,8421,9508,11588,6795,1799
2018.6.2,Gangnam,790,816,853,1291,1584,2146,3319,4851,5809,6006,6866,8108,8589,7393,5403,5577,6363,7996,4233,10
2018.6.3,Gangnam,748,675,653,814,1194,1282,1721,2312,3053,3424,3871,4368,4873,4840,3782,4158,4893,4716,1856,0
2018.6.4,Gangnam,356,827,1960,3368,2583,2491,2878,3678,4980,4837,5664,6350,8318,15697,11081,8219,10072,9890,3636,739
2018.6.5,Gangnam,436,839,2225,3333,2606,2421,3298,4016,5076,4992,6133,6863,8995,16511,11280,8336,10068,11770,6562,1769
2018.6.6,Gangnam,949,807,648,900,1251,1484,1824,2825,3494,3542,3942,4690,5332,5593,4383,4998,6126,6179,2387,0
2018.6.7,Gangnam,376,799,2201,3304,2636,2319,3022,3744,4826,4983,5908,7292,9307,16225,10859,8681,10806,10256,4507,972
2018.6.8,Gangnam,456,857,2071,3426,2565,2508,3153,4205,5308,5693,6789,7424,10184,17118,11150,8189,10105,11183,6347,1677
2018.6.9,Gangnam,810,926,844,1284,1560,2321,3298,4648,6187,6140,6955,8406,8798,7753,5949,5727,6427,7303,3662,29
2018.6.10,Gangnam,703,686,816,875,1156,1302,1717,2379,2986,3419,3825,4437,4702,4642,3888,3880,4567,4184,1720,0
2018.6.11,Gangnam,366,858,1958,3442,2471,2425,3106,3684,4985,4974,5950,6387,8470,16002,10922,8157,9798,9598,3869,748
2018.6.12,Gangnam,412,842,2129,3342,2581,2384,3011,3807,5113,5167,6267,6645,8783,16137,11102,8511,10037,11606,6207,1731
2018.6.13,Gangnam,730,700,703,1062,1258,1525,2200,3091,3916,4074,4613,5362,5668,5717,4958,5301,6615,6932,2697,2
2018.6.14,Gangnam,368,797,1961,3247,2752,2323,2925,3639,4764,4874,5878,6609,8641,15453,10512,8262,10226,10699,4426,948
2018.6.15,Gangnam,413,866,2143,3324,2523,2323,3187,4053,5216,5110,6426,7038,10029,16985,11029,8093,9716,11567,6638,1656
2018.6.16,Gangnam,808,954,822,1234,1587,2151,3212,4254,5794,5851,6521,8129,8382,7255,5284,5251,6513,7628,3845,13
2018.6.17,Gangnam,734,732,662,886,1244,1295,1683,2327,3026,3212,3593,4324,4276,4457,3681,3892,4674,4360,1909,0
2018.6.18,Gangnam,373,844,1742,3270,2718,2357,2969,3863,4875,4973,6180,6534,9143,17142,12647,8835,8166,7762,5206,725
2018.6.19,Gangnam,497,881,2272,3328,2414,2280,2999,3679,4880,4976,6238,6505,8859,16065,10583,8589,10437,10335,4227,806
2018.6.20,Gangnam,503,901,2129,3349,2569,2355,3015,3808,4940,4986,6115,6470,9551,16635,10779,8124,10509,11454,4749,1096
2018.6.21,Gangnam,507,928,2171,3424,2472,2468,3022,3819,5104,5212,6534,6863,9363,16335,10796,9045,11287,12106,5508,1173
2018.6.22,Gangnam,525,890,2112,3243,2580,2383,3303,4333,5806,5465,7208,8006,11364,17838,11457,8656,10135,12271,7403,1997
2018.6.23,Gangnam,979,1016,1069,1410,1676,2342,3337,4769,6193,6345,7381,8793,9427,8190,5895,6123,7229,8589,4121,338
2018.6.24,Gangnam,1024,895,675,860,1300,1309,1881,2616,3079,3375,3864,4638,4829,4863,4128,4296,5426,5246,2141,1
2018.6.25,Gangnam,478,820,1935,3370,2547,2446,3196,3794,4914,5086,6298,6837,9245,16731,11925,8670,10534,10948,4183,797
2018.6.26,Gangnam,495,860,2012,3442,2362,2120,2926,3460,4491,4493,5754,6493,8617,16205,10820,8159,10044,10415,4220,837
2018.6.27,Gangnam,405,844,2040,3345,2383,2282,2969,3894,4779,5244,6407,6789,9630,17066,11248,8859,11407,12119,3983,1217
2018.6.28,Gangnam,581,910,2100,3265,2426,2307,2948,3615,5117,5250,6518,7278,9517,16277,10817,8316,10385,11880,5296,1111
2018.6.29,Gangnam,475,791,1987,3180,2266,2363,3044,4132,5133,5167,6566,7455,10442,17325,11704,9042,10094,12176,7824,2188
2018.6.30,Gangnam,994,934,846,1190,1595,1999,3116,4196,5594,5743,6557,7972,8278,7298,5022,5088,6347,8172,4135,42
2018.7.1,Gangnam,793,733,672,761,997,1061,1351,1955,2280,2633,3036,3701,3950,4012,3324,3517,4588,4329,1906,4
2018.7.2,Gangnam,348,759,1874,3263,2612,2673,3172,4090,5202,5657,6257,6840,9134,17677,11814,8635,10456,10340,3769,705
2018.7.3,Gangnam,451,809,2176,3338,2477,2633,3433,4370,5963,5858,6834,7671,9871,17826,12119,9219,11173,12072,4688,954
2018.7.4,Gangnam,476,888,2067,3401,2735,2792,3615,4605,6148,5960,6857,7829,10594,18187,11682,9011,12027,12630,5251,1097
2018.7.5,Gangnam,509,839,2022,3497,2755,2557,3475,4720,6453,5961,6887,8002,10509,17303,11412,9122,11562,12995,5625,1168
2018.7.6,Gangnam,515,790,2070,3332,2598,2633,3659,4857,6401,6127,7379,8434,11926,18467,12129,9059,11027,13298,7353,2021
2018.7.7,Gangnam,964,946,862,1243,1758,2302,3411,4735,6449,6625,7493,8743,9492,8384,5854,5694,7174,8754,4479,15
2018.7.8,Gangnam,880,873,856,967,1254,1361,1697,2514,3296,3727,3949,4707,5195,5245,4198,4423,5201,5229,2227,3
2018.7.9,Gangnam,397,818,1832,3171,2833,2519,3482,4535,5929,5779,6615,7620,9729,17646,12046,8984,10885,10967,4116,823
2018.7.10,Gangnam,447,842,2169,3309,2565,2651,3488,4514,6078,5848,7029,7827,10828,17990,11934,9281,11441,12019,4841,956
2018.7.11,Gangnam,479,839,1989,3399,2773,2701,3672,4700,5992,5977,7072,7880,10546,17972,11516,9017,11789,12811,5191,1111
2018.7.12,Gangnam,463,847,2035,3584,2832,2559,3617,4449,6146,5954,7198,7995,10449,17428,11632,9357,11634,12722,5642,1171
2018.7.13,Gangnam,491,865,2127,3367,2613,2598,3765,4913,6180,6056,7560,8245,11669,18222,11741,9074,10662,13198,7580,2078
2018.7.14,Gangnam,915,867,890,1291,1638,2289,3264,4852,6334,6604,7064,8519,9154,8468,5576,6005,7267,8977,4308,1
2018.7.15,Gangnam,870,794,676,861,1205,1316,1709,2536,3225,3642,4045,4679,5100,5109,4408,4643,5756,5585,2236,2
2018.7.16,Gangnam,442,828,1876,3242,2950,2611,3403,4385,5716,5660,6876,7500,9826,17619,12148,8835,11106,11443,4028,744
2018.7.17,Gangnam,495,889,1978,3424,2663,2573,3395,4345,5732,5700,6757,7702,10339,18018,11856,9341,11476,12218,4655,993
2018.7.18,Gangnam,493,878,2021,3487,2692,2587,3599,4648,5886,5647,6959,7574,10834,17963,11183,9034,11734,12762,5295,1032
2018.7.19,Gangnam,478,872,2075,3446,2740,2545,3373,4434,6069,5774,7086,7693,10542,17523,11402,9171,12017,12406,5618,1236
2018.7.20,Gangnam,479,887,1587,3343,2995,2831,3691,4978,6480,6184,7528,8317,11574,18404,12028,9199,10930,13211,7482,2004
2018.7.21,Gangnam,956,944,922,1349,1782,2266,3288,4886,6481,6290,6980,7931,9142,7918,5363,5652,6798,8635,4238,13
2018.7.22,Gangnam,766,766,682,907,1338,1463,1772,2570,3110,3345,3687,4330,5053,4876,4066,4554,5215,5447,2300,0
2018.7.23,Gangnam,359,830,1948,3178,2648,2593,3456,4471,5881,5366,6759,7662,9730,17325,11802,8807,10863,10981,3947,722
2018.7.24,Gangnam,458,858,2003,3313,2593,2374,3428,4395,5818,5554,6812,7334,9962,17709,11518,9206,11181,11728,4697,965
2018.7.25,Gangnam,462,852,1937,3354,2524,2469,3378,4414,5993,5392,6917,7565,10451,17587,11443,9034,11633,13013,5362,1151
2018.7.26,Gangnam,536,854,2006,3331,2749,2706,3426,4604,5919,5464,6896,7411,10278,17260,11404,8977,11423,12727,5381,1207
2018.7.27,Gangnam,498,877,1998,3331,2669,2697,3715,4824,6073,5743,7266,8113,11147,18228,12034,9011,10442,12376,7266,1869
2018.7.28,Gangnam,806,905,872,1363,1759,2326,3316,4545,5872,5811,6650,7417,8350,7776,5051,4913,6433,7487,3731,1
2018.7.29,Gangnam,695,783,727,1012,1281,1319,1701,2413,2910,3265,3313,4249,4712,4511,3802,4431,5079,5546,2521,4
2018.7.30,Gangnam,416,742,1782,2930,2214,2311,2993,3897,4751,4750,6214,6755,9229,16647,11152,8364,9797,9969,4058,747
2018.7.31,Gangnam,492,806,1929,3048,2199,2322,2918,3699,4708,4695,6043,6628,8989,16101,10884,8554,10384,10802,4738,1116
2018.8.1,Gangnam,450,782,1627,3300,2443,2646,3371,4382,5704,5393,6438,7176,9830,17267,11060,8428,10759,10749,4740,1025
2018.8.2,Gangnam,487,777,1880,3093,2374,2280,3297,4405,5525,5318,6108,6985,9504,16418,10473,8506,10418,10870,4798,1010
2018.8.3,Gangnam,580,827,1813,3002,2336,2477,3402,4723,5683,5662,7021,7593,10672,16684,10535,8221,9754,11108,6335,1529
2018.8.4,Gangnam,844,851,786,1101,1465,2149,2797,3989,5308,5600,6083,7367,7420,6739,4767,4785,6139,7143,3652,2
2018.8.5,Gangnam,692,731,691,834,1123,1299,1681,2325,3017,3339,3582,4289,4457,4566,3817,4188,5015,5040,2214,1
2018.8.6,Gangnam,417,785,1955,2963,2518,2453,3327,4326,5461,5280,6423,7356,9787,17295,11551,8758,10380,10630,3828,810
2018.8.7,Gangnam,511,837,1990,3415,2476,2402,3403,4295,5532,5393,6550,7642,10123,17272,11114,8985,11144,11459,4515,952
2018.8.8,Gangnam,465,859,1913,3410,2526,2363,3317,4381,5738,5442,6595,7613,10561,17799,10969,8894,11088,11976,4793,1135
2018.8.9,Gangnam,508,852,1776,3337,2614,2446,3425,4601,5644,5394,6427,7398,10449,17100,11096,8632,11342,12286,5028,1139
2018.8.10,Gangnam,541,930,1595,2897,2887,2527,3422,4765,5915,5914,6845,7900,10897,17757,11502,8727,10464,12265,6899,1748
2018.8.11,Gangnam,830,901,851,1147,1486,2187,3180,4320,5738,5481,6393,7807,8365,7404,5396,5297,6459,7928,3917,2
2018.8.12,Gangnam,680,823,651,773,1115,1281,1689,2284,3161,3455,3625,4331,4760,4920,4013,4271,5157,5115,2251,1
2018.8.13,Gangnam,382,823,1802,3046,2439,2503,3391,4393,5672,5569,6617,7542,9675,16771,11248,8704,10629,10922,4160,795
2018.8.14,Gangnam,491,867,1935,3080,2378,2354,3440,4470,5814,5369,6910,7730,10439,17161,11705,8709,10825,12733,6656,1817
2018.8.15,Gangnam,839,787,725,832,1170,1472,2006,2953,3466,3665,4136,4981,5679,5584,4373,5082,6393,6822,2608,0
2018.8.16,Gangnam,462,868,1965,3028,2377,2443,3198,4145,5356,5374,6600,7313,9669,16791,11161,8638,11214,11578,4743,1043
2018.8.17,Gangnam,500,862,1923,3052,2528,2448,3374,4447,5703,5546,7092,7703,10638,17510,11422,8560,10103,11965,6354,1861
2018.8.18,Gangnam,821,982,837,1167,1629,2233,3182,4821,5943,6049,6897,7921,8830,7780,5415,5293,6436,7924,3769,5
2018.8.19,Gangnam,674,781,892,926,1180,1205,1639,2447,3156,3410,3569,4505,4623,4791,3815,4324,4957,4962,2101,0
2018.8.20,Gangnam,369,871,1984,3123,2375,2450,3363,4397,5346,5290,6576,7303,9679,17356,11358,8616,10092,9958,3985,752
2018.8.21,Gangnam,439,852,1876,3127,2483,2346,3268,4000,5529,5239,6522,7379,9772,16852,11428,8952,11049,11082,4198,854
2018.8.22,Gangnam,463,872,1913,3284,2507,2399,3253,4196,5334,5344,6446,7190,10226,17316,11460,8586,11210,11596,4958,992
2018.8.23,Gangnam,469,884,2125,3161,2374,2187,3044,3948,5134,4581,5832,6493,9262,17458,10423,7858,8921,7844,3204,600
2018.8.24,Gangnam,339,706,1652,2727,2005,1954,2721,3495,4766,4661,5765,7087,9714,16671,10224,7397,8656,9776,5536,1512
2018.8.25,Gangnam,737,875,889,1352,1757,2305,3438,5036,6320,6573,7418,8931,9425,7625,5699,5274,6789,7994,4171,33
2018.8.26,Gangnam,709,897,703,922,1289,1599,1873,2879,3638,3850,3983,4721,5121,4684,3758,4214,4947,5046,2135,2
2018.8.27,Gangnam,357,769,1721,2883,2597,2238,2888,3877,4659,4811,6006,6742,9348,16533,10528,8375,9810,9648,3498,679
2018.8.28,Gangnam,436,871,1993,3067,2371,2291,2758,3931,4786,4646,6083,6389,9324,16405,10864,9375,10025,9783,3638,793
2018.8.29,Gangnam,369,830,1993,3058,2299,2079,2817,3491,4336,4565,5709,6542,10024,16581,9458,7988,9137,9406,3917,852
2018.8.30,Gangnam,401,790,1957,3163,2300,2145,2681,3367,4161,4453,5548,6303,9072,16026,10406,7959,10014,10911,4877,1107
2018.8.31,Gangnam,461,843,1904,3081,2318,2253,2965,3739,4559,4879,6275,7101,10045,16350,11190,8351,9674,11526,7028,1887
2018.9.1,Gangnam,890,1053,916,1298,1563,2272,3322,4439,5700,5833,6730,7893,8563,7724,6078,4927,4851,6220,5521,46
2018.9.2,Gangnam,757,768,718,890,1186,1349,1769,2348,3063,3526,3692,4366,4647,4706,3882,4119,4778,4636,1903,2
2018.9.3,Gangnam,334,809,1951,3271,2502,2452,2890,3567,4639,4760,5720,6532,8741,16304,10757,7938,9857,9280,2937,549
2018.9.4,Gangnam,387,781,2098,3359,2571,2394,2909,3579,4730,4990,5912,6374,9144,16594,11022,9113,10730,10479,3767,741
2018.9.5,Gangnam,459,867,2034,3325,2677,2316,3042,3609,4828,4810,5937,7170,9822,17403,10874,8405,11202,10722,4282,918
2018.9.6,Gangnam,456,835,2060,3349,2612,2375,2974,3583,4777,4817,6169,6699,9571,16251,10444,8613,11032,11336,4785,933
2018.9.7,Gangnam,483,860,2010,3201,2505,2284,2915,4061,5216,5241,6603,7327,10346,17467,11145,8632,10110,12248,6685,1871
2018.9.8,Gangnam,895,912,903,1196,1635,2273,3458,4889,6632,6968,7299,8554,9138,8179,5724,5429,6632,7879,3974,36
2018.9.9,Gangnam,765,843,734,932,1259,1482,1852,2768,3549,3789,4001,4585,5031,5070,4275,4149,4805,4771,1814,13
2018.9.10,Gangnam,369,763,1963,3244,2793,2326,2924,3850,4627,4649,5683,6501,9119,16477,10872,8128,10055,9749,3335,733
2018.9.11,Gangnam,409,810,1992,3438,2723,2518,2922,3702,4963,4686,6052,6609,9403,16756,10762,8334,10658,10733,4050,868
2018.9.12,Gangnam,447,847,2054,3478,2684,2381,3021,3770,5100,5014,5894,6675,9618,16737,10750,8141,10604,11065,4319,933
2018.9.13,Gangnam,449,813,1943,3494,2523,2444,3062,3623,4920,4785,5921,6579,9227,16113,10504,8553,11195,11455,4641,1044
2018.9.14,Gangnam,481,881,2040,3243,2654,2353,3295,4288,5273,5289,6711,7396,10900,17025,11283,8565,10924,12103,6766,1902
2018.9.15,Gangnam,956,949,910,1305,1626,2262,3306,4961,6914,6666,7241,8321,9192,7565,5566,5498,6775,8214,4072,11
2018.9.16,Gangnam,749,817,678,883,1193,1355,1984,2592,3414,3600,3924,4783,4765,5135,4126,4186,4743,4862,1818,0
2018.9.17,Gangnam,339,776,1876,3153,2688,2426,3066,3716,4707,4778,5868,6414,8993,16359,11080,8406,10148,10107,3669,708
2018.9.18,Gangnam,415,868,2028,3363,2628,2491,3084,3556,4878,4733,5888,6394,8929,16350,10695,8652,10686,10929,4242,892
2018.9.19,Gangnam,437,806,1962,3606,2789,2492,3119,3868,4981,4974,5943,6734,9547,16847,10302,7988,10571,11234,4532,1034
2018.9.20,Gangnam,452,774,1740,3035,2573,2373,3095,3766,4783,4868,5973,6637,9232,16080,10681,8536,11046,11287,4723,1276
2018.9.21,Gangnam,481,840,1855,3036,2369,2399,3066,4216,5556,6131,8137,9582,11660,14408,9391,7372,8791,10023,5328,1502
2018.9.22,Gangnam,916,863,711,1004,1336,1827,2508,3766,4383,4628,4987,5769,6133,5427,4226,4251,4922,6116,2748,3
2018.9.23,Gangnam,655,627,548,685,921,1116,1299,1762,1944,2160,2251,2521,2766,2970,2476,2435,2859,3238,1274,1
2018.9.24,Gangnam,354,470,453,586,521,723,719,1024,1064,1199,1326,1431,1656,1745,1550,1595,1840,2198,1086,239
2018.9.25,Gangnam,334,428,387,536,664,902,1182,1690,2107,2055,2306,3028,3105,3413,2846,3059,3848,4771,2410,407
2018.9.26,Gangnam,481,556,523,672,833,1084,1682,2277,2909,2945,3612,4092,4628,4773,4303,4399,5252,5475,1982,0
2018.9.27,Gangnam,385,815,1903,3176,2216,2162,2703,3390,4192,4493,5577,6341,8422,15704,10316,8013,9497,9338,3676,795
2018.9.28,Gangnam,421,838,1994,3089,2205,2240,3075,3992,4833,5114,6380,6923,9853,16491,11103,8374,9468,11067,5985,1706
2018.9.29,Gangnam,827,889,848,1261,1621,2157,3228,4651,6129,5919,6815,8135,8541,8011,5430,5178,6105,7419,3740,9
2018.9.30,Gangnam,698,741,659,837,1200,1307,1610,2492,3114,3248,3437,4259,4559,4654,3856,4135,4550,4468,1838,1
2018.1.1,Yeouido,60,82,93,104,109,108,175,233,274,324,402,528,547,462,396,433,404,339,94,2
2018.1.2,Yeouido,105,182,422,578,475,389,494,512,660,785,1106,1124,2648,8630,3892,2220,2126,1293,412,40
2018.1.3,Yeouido,91,187,404,630,450,464,649,544,808,850,1227,1380,3109,8675,3637,2174,2360,1449,515,62
2018.1.4,Yeouido,102,195,411,642,437,450,657,575,788,821,1240,1372,2593,8270,3499,2181,2292,1681,541,81
2018.1.5,Yeouido,94,192,426,612,489,432,747,594,831,958,1361,1582,3482,9117,3634,1815,1767,1441,543,115
2018.1.6,Yeouido,106,130,159,207,284,280,399,582,688,790,934,1057,1135,926,637,617,742,614,170,3
2018.1.7,Yeouido,59,84,102,168,156,172,170,360,409,432,588,742,653,651,520,522,574,363,134,3
2018.1.8,Yeouido,87,186,394,636,447,425,710,562,762,883,1187,1400,2869,8876,3807,2277,2200,1338,454,71
2018.1.9,Yeouido,86,193,428,649,475,523,701,577,848,933,1157,1463,2787,8626,3589,2215,2373,1561,701,83
2018.1.10,Yeouido,96,199,450,625,471,452,684,567,823,925,1221,1489,3199,8672,3467,2200,2321,1604,677,93
2018.1.11,Yeouido,95,175,404,659,456,433,649,663,767,842,1109,1401,2773,8310,3546,2555,2417,1770,762,74
2018.1.12,Yeouido,91,162,414,627,456,415,656,662,767,873,1146,1553,3506,8545,3352,1614,1760,1393,614,110
2018.1.13,Yeouido,88,116,132,233,269,292,401,588,619,742,976,1124,1201,902,652,623,745,584,176,1
2018.1.14,Yeouido,71,98,108,159,158,180,212,355,428,546,650,714,774,566,479,461,512,396,89,1
2018.1.15,Yeouido,110,169,442,646,439,416,664,616,755,849,1172,1334,2567,8987,3856,2445,2103,1437,509,47
2018.1.16,Yeouido,95,185,405,621,529,485,748,562,849,848,1210,1444,2837,8921,3660,2283,2278,1563,514,71
2018.1.17,Yeouido,123,186,435,665,484,447,738,613,1001,888,1248,1367,3245,9068,3303,2227,2125,1631,510,78
2018.1.18,Yeouido,124,181,436,647,492,485,694,591,925,971,1175,1412,2637,8687,3358,2263,2355,1728,606,79
2018.1.19,Yeouido,91,157,397,615,478,478,723,629,894,966,1304,1612,3450,8487,3250,1770,1765,1558,688,92
2018.1.20,Yeouido,88,123,157,207,309,269,462,536,694,971,867,1109,1163,984,801,730,831,599,176,1
2018.1.21,Yeouido,55,83,96,153,145,200,194,297,415,444,603,654,664,579,479,450,557,424,102,2
2018.1.22,Yeouido,97,206,397,617,454,476,682,612,838,840,1213,1423,2838,8997,3728,2185,2162,1361,467,49
2018.1.23,Yeouido,88,178,426,623,482,454,644,582,800,822,1150,1339,2830,8409,3486,2306,2363,1581,506,58
2018.1.24,Yeouido,87,186,398,598,469,410,594,550,863,808,1055,1333,3020,8687,3269,2126,2178,1578,557,67
2018.1.25,Yeouido,88,157,408,646,443,390,622,515,753,850,1048,1360,2743,8056,3371,2198,2355,1646,557,79
2018.1.26,Yeouido,89,163,405,630,474,382,641,602,714,855,1299,1412,3452,8554,3202,1686,1647,1436,530,79
2018.1.27,Yeouido,70,97,135,209,262,272,455,603,668,748,854,1007,1140,779,689,648,687,618,182,3
2018.1.28,Yeouido,64,93,96,175,174,174,237,362,420,527,615,720,685,640,479,484,504,390,104,2
2018.1.29,Yeouido,85,173,388,586,440,458,626,529,795,753,1138,1211,2590,8456,3841,2267,2172,1362,510,88
2018.1.30,Yeouido,100,182,427,629,486,482,629,520,778,856,1175,1452,2861,9110,4016,2679,2802,2133,843,148
2018.1.31,Yeouido,81,164,450,692,467,513,722,601,810,981,1150,1342,3078,8211,3448,2242,2337,1679,606,91
2018.2.1,Yeouido,89,196,452,636,468,467,681,605,818,948,1219,1403,2608,8333,3640,2143,2320,1672,594,69
2018.2.2,Yeouido,87,180,445,587,485,462,729,669,854,967,1248,1525,3374,8910,3346,1776,1747,1447,582,94
2018.2.3,Yeouido,79,126,145,215,278,282,346,634,743,904,930,1049,1141,1065,730,670,740,619,148,1
2018.2.4,Yeouido,61,71,104,160,150,147,170,315,458,587,663,689,675,605,533,394,436,448,102,2
2018.2.5,Yeouido,104,181,456,613,480,448,635,545,805,839,1137,1342,2569,8415,3926,2315,2299,1357,436,47
2018.2.6,Yeouido,94,182,431,650,467,444,657,560,837,902,1129,1399,2677,8413,3549,2243,2318,1688,509,57
2018.2.7,Yeouido,89,161,435,662,509,483,690,585,911,939,1134,1388,3022,8746,3230,2168,2287,1530,600,66
2018.2.8,Yeouido,93,172,410,621,487,551,749,675,850,915,1182,1343,2773,8141,3414,2158,2343,1654,662,111
2018.2.9,Yeouido,94,161,406,664,494,455,737,698,900,973,1234,1504,3638,8501,3204,1764,1752,1466,602,99
2018.2.10,Yeouido,96,107,144,220,274,277,455,603,653,710,759,900,1040,847,686,580,660,579,183,0
2018.2.11,Yeouido,78,91,87,148,131,160,180,379,390,506,490,616,717,575,544,445,518,386,89,1
2018.2.12,Yeouido,77,166,394,593,465,491,670,604,809,885,1214,1298,2616,8199,3705,2372,2428,1686,631,70
2018.2.13,Yeouido,89,182,418,626,499,495,728,557,907,884,1176,1335,2747,8425,3362,2153,2248,1723,590,78
2018.2.14,Yeouido,73,155,379,592,430,382,720,865,1101,1584,2353,3286,4448,5162,1595,1083,1085,817,268,53
2018.2.15,Yeouido,73,72,81,128,122,106,123,168,164,241,236,316,392,389,340,273,291,309,81,1
2018.2.16,Yeouido,39,45,84,117,90,54,109,138,108,202,243,267,311,319,206,245,257,275,86,12
2018.2.17,Yeouido,47,63,77,85,95,120,149,198,239,308,378,397,473,442,367,383,423,389,130,19
2018.2.18,Yeouido,54,67,87,120,123,147,168,294,274,334,477,473,568,498,436,466,479,365,90,1
2018.2.19,Yeouido,93,163,407,573,412,408,621,533,708,760,1151,1235,2478,8433,3528,2072,1939,1221,397,56
2018.2.20,Yeouido,95,167,436,618,492,471,707,583,864,982,1186,1436,2712,8261,3659,2267,2321,1497,552,70
2018.2.21,Yeouido,108,180,454,646,478,483,701,637,870,1005,1237,1413,3336,8771,3336,2117,2289,1621,600,66
2018.2.22,Yeouido,88,159,436,647,492,468,698,590,1038,956,1237,1432,2864,8112,3442,2243,2357,1630,601,146
2018.2.23,Yeouido,89,168,428,664,510,479,746,681,905,1025,1301,1545,3491,8853,3363,1838,1752,1443,668,111
2018.2.24,Yeouido,74,92,153,229,305,287,451,739,808,880,946,1110,1299,1027,867,687,852,670,207,3
2018.2.25,Yeouido,72,87,99,146,167,178,197,360,457,540,612,757,804,616,589,508,539,437,120,1
2018.2.26,Yeouido,85,176,397,622,448,460,716,584,815,885,1191,1386,2576,8237,3684,2217,2347,1519,511,81
2018.2.27,Yeouido,98,172,424,654,501,516,835,648,973,870,1250,1586,2674,8211,3499,2422,2574,1636,685,90
2018.2.28,Yeouido,83,169,422,645,494,507,740,658,855,862,1218,1412,3153,8154,3331,2050,2301,1839,935,176
2018.3.1,Yeouido,91,107,112,147,183,178,307,376,494,588,550,775,752,624,576,573,634,461,121,3
2018.3.2,Yeouido,89,159,420,559,452,495,734,616,809,735,1135,1218,2551,7393,3016,1561,1557,1138,520,70
2018.3.3,Yeouido,79,96,139,247,249,322,526,643,718,837,875,969,1029,1039,825,716,815,584,190,1
2018.3.4,Yeouido,49,76,95,156,162,228,305,466,442,553,562,570,634,594,509,474,512,422,126,3
2018.3.5,Yeouido,95,175,462,629,484,505,668,564,706,838,1105,1397,2596,8084,3784,2359,2325,1421,485,53
2018.3.6,Yeouido,94,179,475,676,497,503,686,606,799,821,1137,1523,2743,8440,3587,2215,2369,1548,517,78
2018.3.7,Yeouido,113,186,496,669,501,518,679,637,804,953,1243,1301,3070,8557,3284,2042,2246,1495,628,90
2018.3.8,Yeouido,86,150,466,691,495,480,691,511,797,822,1184,1474,2599,7954,3518,2197,2292,1552,576,80
2018.3.9,Yeouido,121,183,502,610,546,495,677,608,938,941,1209,1551,3343,8643,3151,1714,1822,1442,549,82
2018.3.10,Yeouido,85,117,153,209,325,330,531,680,877,923,973,1078,1205,999,756,705,793,634,153,0
2018.3.11,Yeouido,59,76,76,174,187,233,288,448,510,583,650,686,741,697,651,571,537,390,118,0
2018.3.12,Yeouido,89,181,516,624,504,462,708,553,709,797,1207,1398,2559,8523,3677,2217,2236,1335,429,58
2018.3.13,Yeouido,94,189,494,659,521,532,753,687,911,893,1142,1398,2792,8250,3418,2270,2201,1491,584,72
2018.3.14,Yeouido,80,191,502,709,511,499,813,665,904,934,1326,1441,3078,8920,3111,2041,2272,1501,507,70
2018.3.15,Yeouido,95,185,450,687,490,450,657,558,851,868,1193,1375,2694,7908,3222,2119,2271,1569,597,108
2018.3.16,Yeouido,98,198,477,651,518,513,756,674,899,995,1230,1535,3180,8633,3297,1654,1837,1454,573,94
2018.3.17,Yeouido,87,119,146,266,277,322,431,671,804,979,994,1220,1410,1132,997,868,957,656,203,1
2018.3.18,Yeouido,57,132,118,178,172,205,238,349,470,543,611,720,857,658,565,569,611,365,140,0
2018.3.19,Yeouido,86,177,495,628,492,443,689,559,750,930,1139,1309,2536,8802,3532,2224,2121,1273,439,54
2018.3.20,Yeouido,101,174,509,657,539,472,718,626,899,952,1183,1295,2692,8623,3379,2158,2304,1441,479,54
2018.3.21,Yeouido,102,195,458,676,507,520,836,622,885,904,1169,1245,3090,8586,2995,1985,2188,1580,520,81
2018.3.22,Yeouido,89,181,493,700,533,503,658,599,905,896,1299,1385,2629,8089,3233,2138,2453,1660,634,86
2018.3.23,Yeouido,97,176,465,657,531,526,788,706,961,1042,1195,1561,3343,8557,3225,1671,1748,1401,590,88
2018.3.24,Yeouido,80,105,160,264,304,366,411,773,938,963,946,1137,1160,1034,859,836,866,631,216,2
2018.3.25,Yeouido,60,67,93,162,192,206,282,437,484,586,702,707,710,709,678,542,575,433,109,3
2018.3.26,Yeouido,90,179,486,626,494,478,678,567,796,911,1168,1279,2512,8357,3612,2271,2153,1317,447,70
2018.3.27,Yeouido,104,185,496,707,532,536,683,614,865,876,1189,1421,2731,8278,3352,2186,2322,1486,521,86
2018.3.28,Yeouido,86,180,499,687,527,482,783,854,929,993,1232,1338,3130,8332,3359,2073,2231,1592,570,67
2018.3.29,Yeouido,101,201,488,695,505,459,677,618,877,922,1185,1367,2584,7922,3338,2248,2416,1587,645,106
2018.3.30,Yeouido,78,175,495,629,520,505,776,679,1011,971,1262,1474,3299,8384,3324,1854,2052,1743,757,127
2018.3.31,Yeouido,99,142,147,262,285,374,450,729,838,868,921,1089,1399,1102,1117,1127,1241,1079,356,0
2018.4.1,Yeouido,59,69,97,156,170,208,260,432,472,557,647,764,705,778,696,565,662,452,137,1
2018.4.2,Yeouido,102,181,451,646,483,463,698,542,809,879,1206,1354,2558,8444,3837,2279,2216,1423,532,59
2018.4.3,Yeouido,90,183,511,670,536,515,801,669,886,981,1334,1471,2696,8555,3541,2339,2462,1617,639,62
2018.4.4,Yeouido,110,188,507,679,500,514,735,593,935,1005,1234,1456,3215,8625,3356,2261,2592,1874,688,103
2018.4.5,Yeouido,90,150,481,693,477,507,669,587,889,950,1242,1291,2756,8475,3257,2102,2313,1680,659,117
2018.4.6,Yeouido,96,171,462,657,522,601,798,785,1110,1350,1683,1781,3381,9143,3671,1915,2129,1809,674,101
2018.4.7,Yeouido,85,120,196,284,358,403,702,1024,1266,1436,1816,2125,2570,2561,1970,1790,1889,1367,374,0
2018.4.8,Yeouido,62,81,118,178,205,305,483,690,899,1148,1856,1737,1506,1444,1124,957,807,533,110,1
2018.4.9,Yeouido,76,170,495,627,493,447,710,646,928,1057,1385,1573,2749,8764,4034,2477,2383,1572,553,72
2018.4.10,Yeouido,109,175,488,673,601,468,804,710,1031,1084,1416,1574,2990,8708,3655,2511,2566,1784,585,74
2018.4.11,Yeouido,92,194,489,681,551,546,749,744,974,1089,1460,1423,3340,8757,3331,2260,2525,1971,653,85
2018.4.12,Yeouido,111,182,488,675,513,555,820,668,1098,1042,1380,1580,2763,8306,3485,2313,2590,1768,623,119
2018.4.13,Yeouido,83,191,478,630,567,524,860,806,1059,1044,1436,1632,3749,8545,2911,1612,1869,1411,604,89
2018.4.14,Yeouido,75,113,157,232,291,274,615,821,758,883,884,1083,1234,868,828,808,839,668,216,3
2018.4.15,Yeouido,50,82,120,167,184,284,350,579,585,892,946,964,946,818,798,739,709,518,114,1
2018.4.16,Yeouido,108,168,508,604,523,484,769,636,840,854,1162,1372,2639,8626,3676,2230,2267,1436,459,75
2018.4.17,Yeouido,96,180,493,686,577,496,786,576,888,943,1154,1387,2646,8486,3466,2264,2372,1552,548,94
2018.4.18,Yeouido,104,211,490,668,537,491,806,655,949,973,1592,1562,3573,8482,2987,2069,2159,1454,515,77
2018.4.19,Yeouido,87,192,450,660,532,506,728,656,894,967,1192,1484,2721,8246,3277,2118,2420,1510,595,93
2018.4.20,Yeouido,109,161,457,673,540,542,807,695,1018,1078,1402,1549,3422,8548,3190,1948,1744,1334,582,82
2018.4.21,Yeouido,100,117,150,233,338,325,460,769,874,857,1022,1213,1540,1171,1030,977,1034,893,294,1
2018.4.22,Yeouido,81,96,131,158,207,380,561,591,544,658,591,676,711,544,517,508,542,349,71,1
2018.4.23,Yeouido,74,174,454,620,475,405,672,521,687,809,1007,1207,2484,8869,3501,2183,2193,1310,413,44
2018.4.24,Yeouido,107,173,492,679,553,493,771,597,912,980,1167,1286,2749,8435,3230,2115,2310,1426,539,74
2018.4.25,Yeouido,80,201,474,669,585,568,784,637,880,1003,1364,1537,3544,8245,3252,2069,2208,1763,620,96
2018.4.26,Yeouido,103,182,485,687,561,530,797,662,933,892,1233,1579,2756,8064,3340,2326,2424,1701,610,112
2018.4.27,Yeouido,92,186,486,620,517,562,777,662,944,941,1320,1642,3456,8330,3190,1858,1746,1520,641,90
2018.4.28,Yeouido,106,135,172,249,306,358,692,707,903,988,965,1125,1319,1170,955,975,1245,944,321,1
2018.4.29,Yeouido,56,182,199,205,448,910,520,572,570,589,684,808,910,752,757,756,758,508,161,0
2018.4.30,Yeouido,106,174,453,598,491,538,751,723,861,913,1126,1302,2378,7361,3104,1906,1795,1391,635,112
2018.5.1,Yeouido,52,122,238,344,329,292,438,405,570,646,721,811,878,972,738,730,810,617,217,28
2018.5.2,Yeouido,107,180,475,669,545,553,745,615,794,899,1214,1278,3100,8443,3425,2141,2301,1459,535,82
2018.5.3,Yeouido,99,189,514,648,538,547,854,778,926,942,1182,1387,2673,8145,3316,2163,2242,1564,649,97
2018.5.4,Yeouido,89,207,470,674,542,535,891,861,1099,1105,1327,1564,3621,8729,3349,1886,1747,1458,624,84
2018.5.5,Yeouido,109,94,116,171,183,227,344,367,534,586,666,801,900,879,736,814,987,716,202,1
2018.5.6,Yeouido,58,81,91,161,150,187,201,250,282,415,402,515,541,535,444,482,611,474,140,1
2018.5.7,Yeouido,79,89,124,156,211,220,319,358,458,541,637,844,961,924,894,934,1008,612,180,0
2018.5.8,Yeouido,102,218,502,652,525,476,694,582,772,878,1092,1203,2804,8662,3701,2011,1883,1189,374,63
2018.5.9,Yeouido,113,216,526,690,566,564,746,742,866,991,1340,1496,3311,8370,3125,2111,2331,1510,636,89
2018.5.10,Yeouido,88,210,530,678,521,524,818,647,966,967,1201,1450,2951,8145,3323,2153,2423,1702,675,110
2018.5.11,Yeouido,76,180,456,712,564,542,795,772,1013,1110,1306,1656,3734,8639,2957,1657,1745,1378,589,113
2018.5.12,Yeouido,74,130,171,265,284,354,455,633,787,813,978,1085,1171,1003,818,768,892,644,187,3
2018.5.13,Yeouido,50,81,106,167,180,234,277,416,490,574,670,769,859,751,739,650,744,452,116,1
2018.5.14,Yeouido,99,206,486,637,493,483,724,618,812,910,1223,1386,2807,8598,3594,2161,2213,1281,453,67
2018.5.15,Yeouido,98,197,505,691,576,610,971,902,918,1100,1203,1387,2974,8566,3212,2225,2170,1417,585,83
2018.5.16,Yeouido,106,198,480,650,558,490,715,635,907,885,1280,1289,3804,8759,2814,1866,2123,1357,580,92
2018.5.17,Yeouido,74,182,458,615,533,495,644,603,835,931,1178,1391,2977,8322,3241,2315,2359,1609,629,103
2018.5.18,Yeouido,94,192,466,668,526,487,792,718,902,1140,1407,1520,3838,8092,2952,1645,1590,1360,610,92
2018.5.19,Yeouido,82,106,174,241,343,360,496,720,815,841,946,1068,1269,1130,944,990,1273,1022,321,1
2018.5.20,Yeouido,76,86,114,208,188,212,232,460,492,519,596,715,779,710,615,700,822,657,193,2
2018.5.21,Yeouido,78,172,439,571,463,485,740,732,881,943,1282,1321,2555,7455,2685,1571,1681,1179,509,74
2018.5.22,Yeouido,83,116,116,194,239,181,276,326,446,596,695,860,888,817,636,618,754,460,106,0
2018.5.23,Yeouido,88,182,492,675,512,497,729,687,876,939,1269,1344,3262,8271,3203,2090,2239,1426,476,72
2018.5.24,Yeouido,101,194,495,673,532,529,735,773,1039,886,1233,1456,2877,8090,3208,2208,2196,1592,631,75
2018.5.25,Yeouido,108,197,482,639,593,514,726,735,953,1032,1271,1721,3713,8491,2972,1667,1664,1310,541,86
2018.5.26,Yeouido,112,130,187,271,309,472,598,740,892,888,1034,1109,1436,1098,920,896,962,787,270,0
2018.5.27,Yeouido,66,76,118,180,191,214,399,476,450,597,587,725,771,647,593,599,672,464,125,1
2018.5.28,Yeouido,88,209,479,678,509,529,763,589,805,976,1257,1405,2924,8813,3674,2105,2151,1412,421,71
2018.5.29,Yeouido,96,207,500,718,524,544,753,625,891,928,1190,1486,3012,8686,3407,2209,2179,1419,514,91
2018.5.30,Yeouido,115,192,508,667,551,503,837,671,908,895,1250,1334,3697,8197,3113,1995,2130,1528,543,86
2018.5.31,Yeouido,82,186,508,665,608,502,694,664,856,981,1263,1451,3053,7770,3293,2149,2289,1531,621,87
2018.6.1,Yeouido,97,181,499,628,495,549,799,681,923,1044,1218,1549,3610,8456,3023,1645,1643,1325,586,106
2018.6.2,Yeouido,85,112,173,270,318,354,463,549,669,722,861,963,1070,1027,739,810,969,809,262,0
2018.6.3,Yeouido,79,100,104,173,179,213,313,458,492,612,657,719,755,681,592,648,645,474,114,1
2018.6.4,Yeouido,94,188,504,636,531,530,716,600,772,837,1138,1400,2697,8307,3447,2145,2179,1255,445,60
2018.6.5,Yeouido,96,216,483,676,559,556,828,654,945,882,1239,1344,2819,8363,3124,1772,1871,1438,686,117
2018.6.6,Yeouido,107,90,139,196,214,167,245,337,480,584,725,818,785,705,646,720,775,596,158,0
2018.6.7,Yeouido,116,182,478,664,529,518,773,609,860,823,1233,1425,2763,8085,3303,2077,2174,1548,508,77
2018.6.8,Yeouido,121,195,478,641,531,541,791,725,905,989,1227,1553,3616,8261,3040,1654,1728,1289,610,101
2018.6.9,Yeouido,89,98,190,227,302,361,458,599,729,851,884,890,947,964,846,971,931,787,215,2
2018.6.10,Yeouido,59,78,104,173,177,162,230,393,464,544,668,674,680,662,501,475,518,370,115,0
2018.6.11,Yeouido,128,193,506,641,525,500,785,603,870,942,1179,1476,2698,8734,3414,2049,2063,1299,526,71
2018.6.12,Yeouido,105,197,496,653,529,510,811,682,943,903,1201,1438,2792,8247,3091,1833,1950,1494,650,94
2018.6.13,Yeouido,101,113,136,206,250,245,281,351,398,554,671,718,751,709,611,648,779,563,138,2
2018.6.14,Yeouido,99,180,435,685,508,527,694,633,922,908,1218,1287,2772,7894,3125,2033,2128,1414,466,75
2018.6.15,Yeouido,118,197,485,631,532,513,787,649,948,990,1269,1614,3608,8307,2922,1561,1637,1288,586,85
2018.6.16,Yeouido,73,128,179,277,320,329,531,608,763,789,792,986,1116,816,686,671,815,711,201,3
2018.6.17,Yeouido,63,83,118,187,211,218,223,392,417,588,598,770,754,640,549,521,568,376,114,1
2018.6.18,Yeouido,95,196,451,620,498,491,762,649,845,927,1222,1532,2772,9203,3730,2283,1494,833,643,59
2018.6.19,Yeouido,115,186,475,641,519,504,767,655,841,916,1210,1417,2909,8341,3153,2065,2199,1336,492,80
2018.6.20,Yeouido,91,225,445,651,543,501,682,709,975,885,1289,1585,3522,8488,3019,1899,1969,1348,515,89
2018.6.21,Yeouido,124,189,460,650,496,515,798,651,938,904,1271,1462,2882,8127,3113,2085,2253,1482,588,93
2018.6.22,Yeouido,122,193,459,632,490,552,806,706,897,1018,1265,1564,3623,8452,2942,1586,1699,1298,536,77
2018.6.23,Yeouido,126,129,173,285,307,371,511,708,889,975,943,1176,1319,947,688,769,799,669,235,0
2018.6.24,Yeouido,59,69,108,162,160,216,270,464,494,541,555,656,758,614,511,604,622,454,118,2
2018.6.25,Yeouido,101,180,493,601,541,461,736,642,849,897,1273,1411,2852,8656,3449,2286,2033,1356,400,48
2018.6.26,Yeouido,97,189,437,630,451,458,620,599,783,794,1210,1467,2901,8671,3406,2234,2278,1333,469,68
2018.6.27,Yeouido,105,184,487,623,475,501,749,638,977,979,1376,1534,3911,8165,3131,2119,2325,1505,469,64
2018.6.28,Yeouido,94,188,459,646,490,522,726,651,914,919,1226,1465,2972,8094,3117,2253,2343,1584,567,98
2018.6.29,Yeouido,109,167,476,624,468,488,808,642,880,984,1333,1519,3493,8046,3073,1763,1753,1504,666,111
2018.6.30,Yeouido,113,128,162,228,264,306,565,692,749,872,870,860,985,937,676,680,827,646,156,0
2018.7.1,Yeouido,58,83,101,175,136,172,168,295,324,362,502,783,629,547,494,485,593,392,120,0
2018.7.2,Yeouido,81,167,466,574,429,409,625,512,658,743,1083,1248,2964,8374,3664,2234,2163,1313,378,62
2018.7.3,Yeouido,104,188,481,640,486,523,785,622,844,884,1206,1289,3029,8074,3237,2121,2231,1464,501,69
2018.7.4,Yeouido,102,187,484,653,497,449,760,622,850,856,1136,1353,3691,8474,2787,2022,2197,1412,542,100
2018.7.5,Yeouido,108,174,477,676,490,501,813,607,877,861,1202,1366,3215,8091,2983,2092,2118,1492,545,81
2018.7.6,Yeouido,97,184,477,610,473,546,764,686,888,916,1403,1525,3650,8546,2813,1663,1705,1375,567,127
2018.7.7,Yeouido,98,113,162,216,288,238,382,580,760,874,841,1046,1043,918,793,807,932,866,236,3
2018.7.8,Yeouido,59,86,113,159,168,208,200,382,353,430,518,635,669,600,527,554,589,558,111,0
2018.7.9,Yeouido,108,163,468,615,491,483,697,569,667,815,1144,1420,3073,8767,3263,2179,2046,1246,470,87
2018.7.10,Yeouido,85,157,468,688,477,480,706,604,825,889,1217,1481,3475,8575,3111,2018,2047,1322,469,49
2018.7.11,Yeouido,107,181,488,655,465,493,726,618,933,928,1261,1433,3595,8376,2863,1972,2033,1398,481,71
2018.7.12,Yeouido,82,180,475,629,468,531,713,634,871,869,1231,1410,3187,7997,3053,2056,2102,1405,579,95
2018.7.13,Yeouido,99,177,490,613,491,489,746,662,881,899,1299,1547,3845,8349,2804,1595,1585,1310,531,72
2018.7.14,Yeouido,81,116,150,290,279,308,492,827,667,675,763,1031,1053,922,714,650,772,727,201,2
2018.7.15,Yeouido,71,78,104,163,167,189,227,321,340,427,508,606,743,668,493,542,546,403,103,1
2018.7.16,Yeouido,87,191,503,625,465,497,670,574,678,809,1181,1306,3227,8459,3335,2152,2017,1253,431,89
2018.7.17,Yeouido,125,209,485,660,490,452,697,608,829,848,1200,1393,3245,8504,3120,1991,2137,1526,545,76
2018.7.18,Yeouido,101,206,468,612,463,492,719,678,859,955,1239,1408,3688,8272,2750,1910,2094,1464,548,96
2018.7.19,Yeouido,112,187,497,609,485,441,648,652,794,924,1220,1387,3168,7996,2931,2093,2198,1499,564,87
2018.7.20,Yeouido,106,183,458,584,535,584,836,616,898,852,1314,1543,3611,8442,2757,1643,1587,1333,619,111
2018.7.21,Yeouido,101,93,186,214,267,284,409,492,740,625,694,917,959,876,682,667,797,709,236,0
2018.7.22,Yeouido,90,72,87,171,158,193,253,374,350,410,485,639,690,630,485,591,582,399,116,0
2018.7.23,Yeouido,98,152,455,633,494,496,687,571,747,830,1141,1341,3206,8166,3223,2129,1888,1155,371,64
2018.7.24,Yeouido,101,192,425,631,512,483,680,617,824,826,1115,1298,3270,7925,3106,2016,2109,1427,518,53
2018.7.25,Yeouido,95,198,417,651,484,522,698,589,806,878,1085,1325,3793,7987,2823,1947,2038,1435,533,88
2018.7.26,Yeouido,94,163,427,617,493,462,653,566,816,775,1156,1295,3064,7738,2818,2031,2153,1480,503,86
2018.7.27,Yeouido,88,156,416,607,487,446,754,662,815,872,1190,1552,3717,8376,2731,1606,1486,1219,495,79
2018.7.28,Yeouido,80,97,149,242,282,297,348,479,534,550,742,821,826,723,554,626,675,607,190,1
2018.7.29,Yeouido,81,90,113,150,149,196,195,308,311,423,452,585,702,583,446,526,499,479,128,0
2018.7.30,Yeouido,92,170,415,576,445,422,646,535,745,855,1098,1169,3006,7965,3115,1983,1860,1149,359,55
2018.7.31,Yeouido,100,200,416,588,450,432,637,492,708,775,1103,1254,3007,7642,3005,1910,1990,1364,461,54
2018.8.1,Yeouido,81,169,397,606,416,426,595,602,699,793,1020,1242,3466,7769,2788,1889,1980,1324,429,68
2018.8.2,Yeouido,90,173,401,582,377,369,605,578,709,762,1049,1226,3159,7572,2738,1845,1950,1302,399,89
2018.8.3,Yeouido,105,159,403,530,431,420,658,604,703,748,1098,1470,3621,7724,2443,1340,1415,1146,426,69
2018.8.4,Yeouido,79,98,127,211,254,264,355,418,505,566,780,733,888,672,638,579,697,567,165,1
2018.8.5,Yeouido,64,68,101,141,131,186,174,324,314,423,401,603,565,552,469,590,571,410,127,1
2018.8.6,Yeouido,98,159,414,604,414,392,613,491,645,753,1087,1178,3091,8219,3192,2041,1782,1120,375,56
2018.8.7,Yeouido,94,166,451,608,463,426,674,648,778,815,1086,1267,3040,8072,2784,1816,1922,1285,429,58
2018.8.8,Yeouido,90,159,414,641,480,441,612,639,780,782,1088,1239,3576,8054,2559,1760,1889,1353,472,75
2018.8.9,Yeouido,97,160,416,581,451,413,654,542,787,759,1065,1248,3120,7821,2807,1781,1978,1333,449,69
2018.8.10,Yeouido,81,166,416,569,473,473,766,599,805,859,1165,1503,3790,8022,2706,1472,1392,1141,529,52
2018.8.11,Yeouido,74,101,140,196,285,308,383,546,558,611,655,834,956,770,612,628,649,659,200,1
2018.8.12,Yeouido,57,58,100,178,160,207,300,323,366,431,522,598,682,523,460,482,552,429,99,1
2018.8.13,Yeouido,78,179,436,609,431,438,637,577,689,818,1144,1307,3005,7779,2977,1931,1768,1119,373,51
2018.8.14,Yeouido,91,169,446,602,491,475,711,687,805,903,1075,1284,3146,7950,2796,1573,1695,1301,537,83
2018.8.15,Yeouido,85,105,129,180,187,210,220,282,421,459,565,674,822,682,542,523,643,499,137,1
2018.8.16,Yeouido,88,165,435,626,413,427,603,552,751,836,1188,1237,2984,7704,2814,1850,1887,1260,437,61
2018.8.17,Yeouido,79,180,475,574,485,482,647,577,780,864,1291,1499,3752,7931,2604,1507,1564,1186,538,62
2018.8.18,Yeouido,88,172,140,237,256,290,378,569,600,673,802,934,1142,832,691,699,782,713,259,5
2018.8.19,Yeouido,82,74,103,176,163,212,189,447,352,495,549,637,686,623,481,481,489,407,122,1
2018.8.20,Yeouido,91,171,506,604,470,470,722,574,820,823,1101,1329,3096,8423,3067,1934,1880,1040,389,40
2018.8.21,Yeouido,142,181,448,641,421,449,639,630,825,825,1142,1410,3147,8141,3057,2001,1984,1329,397,53
2018.8.22,Yeouido,98,183,472,607,448,505,669,619,816,860,1327,1423,3793,8415,2801,1974,2050,1330,450,56
2018.8.23,Yeouido,103,167,462,620,452,438,623,579,757,772,987,1375,3406,8640,3021,1946,1805,1039,349,43
2018.8.24,Yeouido,94,147,419,552,433,422,673,606,764,794,1132,1443,3809,8182,2542,1399,1360,1100,426,64
2018.8.25,Yeouido,85,125,132,234,292,321,509,634,724,731,779,872,963,867,722,791,830,664,231,2
2018.8.26,Yeouido,69,80,100,186,181,186,227,348,407,484,511,590,637,542,449,449,493,368,128,1
2018.8.27,Yeouido,80,171,441,583,461,439,652,584,720,792,1069,1356,3202,8455,2916,2026,1763,1135,348,52
2018.8.28,Yeouido,91,175,477,670,478,461,680,645,786,839,1133,1427,3346,8620,2910,2570,2198,1499,463,75
2018.8.29,Yeouido,87,187,439,663,470,473,663,587,782,911,1083,1357,4336,8424,2594,2118,1983,1274,454,69
2018.8.30,Yeouido,105,183,455,660,418,433,666,583,799,836,1222,1342,3187,8078,2839,2160,2198,1382,494,63
2018.8.31,Yeouido,94,175,497,619,476,500,689,666,833,999,1247,1496,3684,7966,2971,1641,1643,1302,601,119
2018.9.1,Yeouido,94,103,181,254,296,340,528,709,798,808,1045,1091,1244,1016,1249,820,646,622,408,1
2018.9.2,Yeouido,48,76,106,192,161,223,264,571,518,587,716,558,646,565,562,528,529,448,138,1
2018.9.3,Yeouido,100,199,501,619,495,488,616,521,703,753,1075,1291,3334,8716,3318,1995,2008,1185,369,56
2018.9.4,Yeouido,114,204,509,653,522,486,688,553,861,822,1053,1339,3302,7994,3193,2013,2066,1356,486,59
2018.9.5,Yeouido,121,206,515,662,527,496,644,661,872,905,1198,1313,3631,8247,2923,1935,1893,1377,511,93
2018.9.6,Yeouido,81,172,500,655,485,504,707,699,866,878,1144,1382,3287,7982,2960,2014,1988,1413,618,68
2018.9.7,Yeouido,99,171,495,615,560,538,814,696,920,949,1382,1674,4145,8245,2772,1628,1616,1448,641,84
2018.9.8,Yeouido,98,109,170,268,298,408,513,672,722,867,882,1108,1155,1078,881,871,1119,858,300,1
2018.9.9,Yeouido,62,85,132,191,298,613,850,688,531,514,636,723,718,697,588,661,689,463,132,1
2018.9.10,Yeouido,90,173,480,644,515,447,681,656,948,915,1208,1260,3166,8226,3260,2055,1924,1185,471,76
2018.9.11,Yeouido,105,191,524,693,528,474,764,630,888,852,1194,1358,3409,8271,2932,1964,1921,1461,520,72
2018.9.12,Yeouido,82,187,486,685,540,465,794,610,916,965,1280,1401,3920,8053,2870,1866,2039,1390,478,75
2018.9.13,Yeouido,95,187,521,673,552,462,722,675,927,987,1194,1366,3283,7997,2906,1934,2177,1370,565,69
2018.9.14,Yeouido,90,186,485,624,607,503,758,711,879,950,1190,1553,3941,8292,2831,1697,1696,1554,555,97
2018.9.15,Yeouido,93,105,166,248,306,289,444,730,878,952,1203,1002,1080,966,741,760,762,656,240,1
2018.9.16,Yeouido,57,64,132,275,165,244,226,403,484,573,662,729,721,667,554,514,480,380,116,0
2018.9.17,Yeouido,102,177,499,684,478,524,705,605,871,904,1173,1334,3247,8231,3164,2134,2008,1366,451,68
2018.9.18,Yeouido,93,201,501,650,565,500,733,673,919,931,1153,1476,3314,7896,3063,2093,2155,1422,552,82
2018.9.19,Yeouido,111,169,520,694,502,542,783,702,917,1078,1262,1407,3802,8214,2868,2000,2174,1622,562,99
2018.9.20,Yeouido,88,167,486,670,495,446,728,686,947,945,1195,1422,3231,7747,2987,2123,2178,1574,612,88
2018.9.21,Yeouido,91,166,461,643,492,487,818,880,1064,1506,2197,3271,4574,5438,1907,1247,1189,854,361,55
2018.9.22,Yeouido,68,95,135,213,255,258,317,471,425,532,447,537,629,599,496,635,719,575,186,1
2018.9.23,Yeouido,69,56,88,151,135,190,200,275,279,316,296,401,413,424,357,314,398,274,92,1
2018.9.24,Yeouido,29,82,90,88,113,77,105,142,142,225,260,304,350,391,334,308,382,322,84,8
2018.9.25,Yeouido,52,61,87,111,123,87,207,211,256,338,374,429,471,524,531,504,556,436,132,20
2018.9.26,Yeouido,52,56,115,142,139,192,238,276,383,514,511,588,706,687,601,645,712,448,123,1
2018.9.27,Yeouido,91,164,479,634,495,474,702,569,698,781,1023,1283,2987,7911,3025,1845,1810,1149,414,42
2018.9.28,Yeouido,86,170,540,641,493,501,746,657,852,944,1206,1558,3539,8127,3085,1725,1759,1287,585,101
2018.9.29,Yeouido,90,103,147,252,320,340,590,736,749,793,853,1116,1197,962,764,793,930,688,249,4
2018.9.30,Yeouido,49,85,143,184,175,222,216,403,455,510,591,731,736,742,677,695,609,469,147,1
